source,date,country,countrycode,adm_area_1,adm_area_2,adm_area_3,tested,confirmed,recovered,dead,hospitalised,hospitalised_icu,quarantined,gid
DEU_JPGG,19-06-2020,Germany,DEU,Niedersachsen,,,,13363,,640,,,,['DEU.9_1']
DEU_JPGG,19-06-2020,Germany,DEU,Sachsen,,,,5386,,222,,,,['DEU.14_1']
DEU_JPGG,19-06-2020,Germany,DEU,Thüringen,,,,3222,,183,,,,['DEU.16_1']
DEU_JPGG,19-06-2020,Germany,DEU,Nordrhein-Westfalen,,,,40176,,1674,,,,['DEU.10_1']
DEU_JPGG,19-06-2020,Germany,DEU,Baden-Württemberg,,,,36090,,1875,,,,['DEU.1_1']
DEU_JPGG,19-06-2020,Germany,DEU,Bayern,,,,48196,,2602,,,,['DEU.2_1']
DEU_JPGG,19-06-2020,Germany,DEU,Berlin,,,,7602,,211,,,,['DEU.3_1']
DEU_JPGG,19-06-2020,Germany,DEU,Brandenburg,,,,3388,,175,,,,['DEU.4_1']
DEU_JPGG,19-06-2020,Germany,DEU,Bremen,,,,1631,,48,,,,['DEU.5_1']
DEU_JPGG,19-06-2020,Germany,DEU,Hamburg,,,,5155,,259,,,,['DEU.6_1']
DEU_JPGG,19-06-2020,Germany,DEU,Hessen,,,,10500,,504,,,,['DEU.7_1']
DEU_JPGG,19-06-2020,Germany,DEU,Rheinland-Pfalz,,,,7077,,239,,,,['DEU.11_1']
DEU_JPGG,19-06-2020,Germany,DEU,Mecklenburg-Vorpommern,,,,796,,21,,,,['DEU.8_1']
DEU_JPGG,19-06-2020,Germany,DEU,Saarland,,,,2817,,175,,,,['DEU.12_1']
DEU_JPGG,19-06-2020,Germany,DEU,Schleswig-Holstein,,,,3142,,157,,,,['DEU.15_1']
DEU_JPGG,19-06-2020,Germany,DEU,Sachsen-Anhalt,,,,1824,,58,,,,['DEU.13_1']
DEU_JPGG,16-06-2020,Germany,DEU,Bremen,,,,1597,,47,,,,['DEU.5_1']
DEU_JPGG,16-06-2020,Germany,DEU,Sachsen-Anhalt,,,,1780,,57,,,,['DEU.13_1']
DEU_JPGG,16-06-2020,Germany,DEU,Baden-Württemberg,,,,36007,,1864,,,,['DEU.1_1']
DEU_JPGG,16-06-2020,Germany,DEU,Sachsen,,,,5348,,221,,,,['DEU.14_1']
DEU_JPGG,16-06-2020,Germany,DEU,Berlin,,,,7368,,208,,,,['DEU.3_1']
DEU_JPGG,16-06-2020,Germany,DEU,Nordrhein-Westfalen,,,,39465,,1658,,,,['DEU.10_1']
DEU_JPGG,16-06-2020,Germany,DEU,Brandenburg,,,,3358,,175,,,,['DEU.4_1']
DEU_JPGG,16-06-2020,Germany,DEU,Saarland,,,,2805,,174,,,,['DEU.12_1']
DEU_JPGG,16-06-2020,Germany,DEU,Thüringen,,,,3199,,179,,,,['DEU.16_1']
DEU_JPGG,16-06-2020,Germany,DEU,Niedersachsen,,,,13130,,635,,,,['DEU.9_1']
DEU_JPGG,16-06-2020,Germany,DEU,Mecklenburg-Vorpommern,,,,789,,21,,,,['DEU.8_1']
DEU_JPGG,16-06-2020,Germany,DEU,Hessen,,,,10386,,500,,,,['DEU.7_1']
DEU_JPGG,16-06-2020,Germany,DEU,Schleswig-Holstein,,,,3131,,156,,,,['DEU.15_1']
DEU_JPGG,16-06-2020,Germany,DEU,Rheinland-Pfalz,,,,7040,,238,,,,['DEU.11_1']
DEU_JPGG,16-06-2020,Germany,DEU,Hamburg,,,,5146,,255,,,,['DEU.6_1']
DEU_JPGG,16-06-2020,Germany,DEU,Bayern,,,,48090,,2590,,,,['DEU.2_1']
DEU_JPGG,11-06-2020,Germany,DEU,Sachsen,,,,5344,,221,,,,['DEU.14_1']
DEU_JPGG,11-06-2020,Germany,DEU,Bayern,,,,48331,,2587,,,,['DEU.2_1']
DEU_JPGG,11-06-2020,Germany,DEU,Baden-Württemberg,,,,35893,,1855,,,,['DEU.1_1']
DEU_JPGG,11-06-2020,Germany,DEU,Hamburg,,,,5133,,254,,,,['DEU.6_1']
DEU_JPGG,11-06-2020,Germany,DEU,Hessen,,,,10334,,497,,,,['DEU.7_1']
DEU_JPGG,11-06-2020,Germany,DEU,Mecklenburg-Vorpommern,,,,783,,21,,,,['DEU.8_1']
DEU_JPGG,11-06-2020,Germany,DEU,Niedersachsen,,,,12946,,631,,,,['DEU.9_1']
DEU_JPGG,11-06-2020,Germany,DEU,Nordrhein-Westfalen,,,,39093,,1655,,,,['DEU.10_1']
DEU_JPGG,11-06-2020,Germany,DEU,Rheinland-Pfalz,,,,7017,,237,,,,['DEU.11_1']
DEU_JPGG,11-06-2020,Germany,DEU,Bremen,,,,1574,,42,,,,['DEU.5_1']
DEU_JPGG,11-06-2020,Germany,DEU,Saarland,,,,2803,,174,,,,['DEU.12_1']
DEU_JPGG,11-06-2020,Germany,DEU,Brandenburg,,,,3337,,174,,,,['DEU.4_1']
DEU_JPGG,11-06-2020,Germany,DEU,Berlin,,,,7135,,208,,,,['DEU.3_1']
DEU_JPGG,11-06-2020,Germany,DEU,Sachsen-Anhalt,,,,1739,,56,,,,['DEU.13_1']
DEU_JPGG,11-06-2020,Germany,DEU,Schleswig-Holstein,,,,3126,,153,,,,['DEU.15_1']
DEU_JPGG,11-06-2020,Germany,DEU,Thüringen,,,,3149,,178,,,,['DEU.16_1']
DEU_JPGG,05-06-2020,Germany,DEU,Schleswig-Holstein,,,,3116,,151,,,,['DEU.15_1']
DEU_JPGG,05-06-2020,Germany,DEU,Nordrhein-Westfalen,,,,38432,,1633,,,,['DEU.10_1']
DEU_JPGG,05-06-2020,Germany,DEU,Sachsen-Anhalt,,,,1720,,56,,,,['DEU.13_1']
DEU_JPGG,05-06-2020,Germany,DEU,Thüringen,,,,3079,,171,,,,['DEU.16_1']
DEU_JPGG,05-06-2020,Germany,DEU,Bayern,,,,48041,,2542,,,,['DEU.2_1']
DEU_JPGG,05-06-2020,Germany,DEU,Rheinland-Pfalz,,,,6933,,236,,,,['DEU.11_1']
DEU_JPGG,05-06-2020,Germany,DEU,Saarland,,,,2784,,172,,,,['DEU.12_1']
DEU_JPGG,05-06-2020,Germany,DEU,Niedersachsen,,,,12492,,624,,,,['DEU.9_1']
DEU_JPGG,05-06-2020,Germany,DEU,Brandenburg,,,,3321,,174,,,,['DEU.4_1']
DEU_JPGG,05-06-2020,Germany,DEU,Baden-Württemberg,,,,35744,,1835,,,,['DEU.1_1']
DEU_JPGG,05-06-2020,Germany,DEU,Hamburg,,,,5106,,253,,,,['DEU.6_1']
DEU_JPGG,05-06-2020,Germany,DEU,Mecklenburg-Vorpommern,,,,772,,21,,,,['DEU.8_1']
DEU_JPGG,05-06-2020,Germany,DEU,Sachsen,,,,5318,,214,,,,['DEU.14_1']
DEU_JPGG,05-06-2020,Germany,DEU,Bremen,,,,1502,,41,,,,['DEU.5_1']
DEU_JPGG,05-06-2020,Germany,DEU,Hessen,,,,10178,,490,,,,['DEU.7_1']
DEU_JPGG,05-06-2020,Germany,DEU,Berlin,,,,6945,,200,,,,['DEU.3_1']
DEU_JPGG,03-06-2020,Germany,DEU,Hessen,,,,10111,,488,,,,['DEU.7_1']
DEU_JPGG,03-06-2020,Germany,DEU,Berlin,,,,6873,,198,,,,['DEU.3_1']
DEU_JPGG,03-06-2020,Germany,DEU,Brandenburg,,,,3311,,172,,,,['DEU.4_1']
DEU_JPGG,03-06-2020,Germany,DEU,Mecklenburg-Vorpommern,,,,769,,21,,,,['DEU.8_1']
DEU_JPGG,03-06-2020,Germany,DEU,Baden-Württemberg,,,,35697,,1822,,,,['DEU.1_1']
DEU_JPGG,03-06-2020,Germany,DEU,Sachsen,,,,5306,,214,,,,['DEU.14_1']
DEU_JPGG,03-06-2020,Germany,DEU,Schleswig-Holstein,,,,3116,,150,,,,['DEU.15_1']
DEU_JPGG,03-06-2020,Germany,DEU,Hamburg,,,,5098,,253,,,,['DEU.6_1']
DEU_JPGG,03-06-2020,Germany,DEU,Bremen,,,,1450,,41,,,,['DEU.5_1']
DEU_JPGG,03-06-2020,Germany,DEU,Rheinland-Pfalz,,,,6915,,236,,,,['DEU.11_1']
DEU_JPGG,03-06-2020,Germany,DEU,Sachsen-Anhalt,,,,1716,,56,,,,['DEU.13_1']
DEU_JPGG,03-06-2020,Germany,DEU,Thüringen,,,,3051,,169,,,,['DEU.16_1']
DEU_JPGG,03-06-2020,Germany,DEU,Saarland,,,,2757,,169,,,,['DEU.12_1']
DEU_JPGG,03-06-2020,Germany,DEU,Niedersachsen,,,,12313,,618,,,,['DEU.9_1']
DEU_JPGG,03-06-2020,Germany,DEU,Nordrhein-Westfalen,,,,38223,,1620,,,,['DEU.10_1']
DEU_JPGG,03-06-2020,Germany,DEU,Bayern,,,,47945,,2521,,,,['DEU.2_1']
DEU_JPGG,31-05-2020,Germany,DEU,Niedersachsen,,,,12196,,614,,,,['DEU.9_1']
DEU_JPGG,31-05-2020,Germany,DEU,Saarland,,,,2750,,169,,,,['DEU.12_1']
DEU_JPGG,31-05-2020,Germany,DEU,Hessen,,,,10064,,487,,,,['DEU.7_1']
DEU_JPGG,31-05-2020,Germany,DEU,Hamburg,,,,5081,,246,,,,['DEU.6_1']
DEU_JPGG,31-05-2020,Germany,DEU,Sachsen,,,,5301,,213,,,,['DEU.14_1']
DEU_JPGG,31-05-2020,Germany,DEU,Bremen,,,,1406,,40,,,,['DEU.5_1']
DEU_JPGG,31-05-2020,Germany,DEU,Schleswig-Holstein,,,,3108,,149,,,,['DEU.15_1']
DEU_JPGG,31-05-2020,Germany,DEU,Mecklenburg-Vorpommern,,,,769,,21,,,,['DEU.8_1']
DEU_JPGG,31-05-2020,Germany,DEU,Brandenburg,,,,3304,,172,,,,['DEU.4_1']
DEU_JPGG,31-05-2020,Germany,DEU,Berlin,,,,6799,,198,,,,['DEU.3_1']
DEU_JPGG,31-05-2020,Germany,DEU,Baden-Württemberg,,,,35641,,1807,,,,['DEU.1_1']
DEU_JPGG,31-05-2020,Germany,DEU,Thüringen,,,,3014,,165,,,,['DEU.16_1']
DEU_JPGG,31-05-2020,Germany,DEU,Nordrhein-Westfalen,,,,38035,,1618,,,,['DEU.10_1']
DEU_JPGG,31-05-2020,Germany,DEU,Sachsen-Anhalt,,,,1713,,56,,,,['DEU.13_1']
DEU_JPGG,31-05-2020,Germany,DEU,Rheinland-Pfalz,,,,6896,,236,,,,['DEU.11_1']
DEU_JPGG,31-05-2020,Germany,DEU,Bayern,,,,47829,,2513,,,,['DEU.2_1']
DEU_JPGG,27-05-2020,Germany,DEU,Brandenburg,,,,3277,,172,,,,['DEU.4_1']
DEU_JPGG,27-05-2020,Germany,DEU,Saarland,,,,2745,,168,,,,['DEU.12_1']
DEU_JPGG,27-05-2020,Germany,DEU,Rheinland-Pfalz,,,,6822,,235,,,,['DEU.11_1']
DEU_JPGG,27-05-2020,Germany,DEU,Hamburg,,,,5066,,242,,,,['DEU.6_1']
DEU_JPGG,27-05-2020,Germany,DEU,Sachsen,,,,5257,,208,,,,['DEU.14_1']
DEU_JPGG,27-05-2020,Germany,DEU,Thüringen,,,,2934,,159,,,,['DEU.16_1']
DEU_JPGG,27-05-2020,Germany,DEU,Mecklenburg-Vorpommern,,,,767,,21,,,,['DEU.8_1']
DEU_JPGG,27-05-2020,Germany,DEU,Schleswig-Holstein,,,,3084,,144,,,,['DEU.15_1']
DEU_JPGG,27-05-2020,Germany,DEU,Berlin,,,,6672,,193,,,,['DEU.3_1']
DEU_JPGG,27-05-2020,Germany,DEU,Niedersachsen,,,,11861,,604,,,,['DEU.9_1']
DEU_JPGG,27-05-2020,Germany,DEU,Bremen,,,,1325,,39,,,,['DEU.5_1']
DEU_JPGG,27-05-2020,Germany,DEU,Baden-Württemberg,,,,35478,,1785,,,,['DEU.1_1']
DEU_JPGG,27-05-2020,Germany,DEU,Sachsen-Anhalt,,,,1707,,55,,,,['DEU.13_1']
DEU_JPGG,27-05-2020,Germany,DEU,Bayern,,,,47502,,2497,,,,['DEU.2_1']
DEU_JPGG,27-05-2020,Germany,DEU,Nordrhein-Westfalen,,,,37721,,1592,,,,['DEU.10_1']
DEU_JPGG,27-05-2020,Germany,DEU,Hessen,,,,9914,,478,,,,['DEU.7_1']
DEU_JPGG,23-05-2020,Germany,DEU,Thüringen,,,,2863,,154,,,,['DEU.16_1']
DEU_JPGG,23-05-2020,Germany,DEU,Schleswig-Holstein,,,,3077,,140,,,,['DEU.15_1']
DEU_JPGG,23-05-2020,Germany,DEU,Berlin,,,,6611,,191,,,,['DEU.3_1']
DEU_JPGG,23-05-2020,Germany,DEU,Niedersachsen,,,,11755,,588,,,,['DEU.9_1']
DEU_JPGG,23-05-2020,Germany,DEU,Bayern,,,,47100,,2456,,,,['DEU.2_1']
DEU_JPGG,23-05-2020,Germany,DEU,Sachsen-Anhalt,,,,1700,,54,,,,['DEU.13_1']
DEU_JPGG,23-05-2020,Germany,DEU,Rheinland-Pfalz,,,,6796,,233,,,,['DEU.11_1']
DEU_JPGG,23-05-2020,Germany,DEU,Brandenburg,,,,3253,,170,,,,['DEU.4_1']
DEU_JPGG,23-05-2020,Germany,DEU,Sachsen,,,,5226,,204,,,,['DEU.14_1']
DEU_JPGG,23-05-2020,Germany,DEU,Hamburg,,,,5055,,240,,,,['DEU.6_1']
DEU_JPGG,23-05-2020,Germany,DEU,Hessen,,,,9718,,471,,,,['DEU.7_1']
DEU_JPGG,23-05-2020,Germany,DEU,Nordrhein-Westfalen,,,,37289,,1572,,,,['DEU.10_1']
DEU_JPGG,23-05-2020,Germany,DEU,Saarland,,,,2730,,166,,,,['DEU.12_1']
DEU_JPGG,23-05-2020,Germany,DEU,Bremen,,,,1301,,39,,,,['DEU.5_1']
DEU_JPGG,23-05-2020,Germany,DEU,Mecklenburg-Vorpommern,,,,766,,21,,,,['DEU.8_1']
DEU_JPGG,23-05-2020,Germany,DEU,Baden-Württemberg,,,,35307,,1756,,,,['DEU.1_1']
DEU_JPGG,18-05-2020,Germany,DEU,Hamburg,,,,5034,,234,,,,['DEU.6_1']
DEU_JPGG,18-05-2020,Germany,DEU,Bayern,,,,46551,,2394,,,,['DEU.2_1']
DEU_JPGG,18-05-2020,Germany,DEU,Sachsen,,,,5135,,201,,,,['DEU.14_1']
DEU_JPGG,18-05-2020,Germany,DEU,Hessen,,,,9394,,454,,,,['DEU.7_1']
DEU_JPGG,18-05-2020,Germany,DEU,Rheinland-Pfalz,,,,6718,,227,,,,['DEU.11_1']
DEU_JPGG,18-05-2020,Germany,DEU,Nordrhein-Westfalen,,,,36690,,1534,,,,['DEU.10_1']
DEU_JPGG,18-05-2020,Germany,DEU,Berlin,,,,6474,,182,,,,['DEU.3_1']
DEU_JPGG,18-05-2020,Germany,DEU,Baden-Württemberg,,,,35012,,1723,,,,['DEU.1_1']
DEU_JPGG,18-05-2020,Germany,DEU,Sachsen-Anhalt,,,,1685,,54,,,,['DEU.13_1']
DEU_JPGG,18-05-2020,Germany,DEU,Schleswig-Holstein,,,,3020,,136,,,,['DEU.15_1']
DEU_JPGG,18-05-2020,Germany,DEU,Bremen,,,,1242,,36,,,,['DEU.5_1']
DEU_JPGG,18-05-2020,Germany,DEU,Saarland,,,,2729,,163,,,,['DEU.12_1']
DEU_JPGG,18-05-2020,Germany,DEU,Thüringen,,,,2763,,144,,,,['DEU.16_1']
DEU_JPGG,18-05-2020,Germany,DEU,Niedersachsen,,,,11459,,567,,,,['DEU.9_1']
DEU_JPGG,18-05-2020,Germany,DEU,Mecklenburg-Vorpommern,,,,754,,21,,,,['DEU.8_1']
DEU_JPGG,18-05-2020,Germany,DEU,Brandenburg,,,,3231,,168,,,,['DEU.4_1']
DEU_JPGG,15-05-2020,Germany,DEU,Niedersachsen,,,,11289,,555,,,,['DEU.9_1']
DEU_JPGG,15-05-2020,Germany,DEU,Hamburg,,,,4976,,228,,,,['DEU.6_1']
DEU_JPGG,15-05-2020,Germany,DEU,Baden-Württemberg,,,,34766,,1683,,,,['DEU.1_1']
DEU_JPGG,15-05-2020,Germany,DEU,Brandenburg,,,,3214,,166,,,,['DEU.4_1']
DEU_JPGG,15-05-2020,Germany,DEU,Hessen,,,,9227,,439,,,,['DEU.7_1']
DEU_JPGG,15-05-2020,Germany,DEU,Thüringen,,,,2698,,139,,,,['DEU.16_1']
DEU_JPGG,15-05-2020,Germany,DEU,Mecklenburg-Vorpommern,,,,742,,21,,,,['DEU.8_1']
DEU_JPGG,15-05-2020,Germany,DEU,Sachsen,,,,5070,,200,,,,['DEU.14_1']
DEU_JPGG,15-05-2020,Germany,DEU,Nordrhein-Westfalen,,,,36052,,1505,,,,['DEU.10_1']
DEU_JPGG,15-05-2020,Germany,DEU,Bremen,,,,1134,,36,,,,['DEU.5_1']
DEU_JPGG,15-05-2020,Germany,DEU,Rheinland-Pfalz,,,,6639,,219,,,,['DEU.11_1']
DEU_JPGG,15-05-2020,Germany,DEU,Schleswig-Holstein,,,,3014,,135,,,,['DEU.15_1']
DEU_JPGG,15-05-2020,Germany,DEU,Bayern,,,,46040,,2356,,,,['DEU.2_1']
DEU_JPGG,15-05-2020,Germany,DEU,Berlin,,,,6393,,177,,,,['DEU.3_1']
DEU_JPGG,15-05-2020,Germany,DEU,Sachsen-Anhalt,,,,1678,,54,,,,['DEU.13_1']
DEU_JPGG,15-05-2020,Germany,DEU,Saarland,,,,2727,,154,,,,['DEU.12_1']
DEU_JPGG,11-05-2020,Germany,DEU,Bayern,,,,45442,,2289,,,,['DEU.2_1']
DEU_JPGG,11-05-2020,Germany,DEU,Hessen,,,,9059,,425,,,,['DEU.7_1']
DEU_JPGG,11-05-2020,Germany,DEU,Hamburg,,,,4951,,204,,,,['DEU.6_1']
DEU_JPGG,11-05-2020,Germany,DEU,Niedersachsen,,,,11157,,526,,,,['DEU.9_1']
DEU_JPGG,11-05-2020,Germany,DEU,Berlin,,,,6272,,165,,,,['DEU.3_1']
DEU_JPGG,11-05-2020,Germany,DEU,Baden-Württemberg,,,,34424,,1621,,,,['DEU.1_1']
DEU_JPGG,11-05-2020,Germany,DEU,Rheinland-Pfalz,,,,6558,,206,,,,['DEU.11_1']
DEU_JPGG,11-05-2020,Germany,DEU,Bremen,,,,1061,,33,,,,['DEU.5_1']
DEU_JPGG,11-05-2020,Germany,DEU,Saarland,,,,2713,,149,,,,['DEU.12_1']
DEU_JPGG,11-05-2020,Germany,DEU,Sachsen-Anhalt,,,,1653,,50,,,,['DEU.13_1']
DEU_JPGG,11-05-2020,Germany,DEU,Mecklenburg-Vorpommern,,,,730,,21,,,,['DEU.8_1']
DEU_JPGG,11-05-2020,Germany,DEU,Schleswig-Holstein,,,,2978,,134,,,,['DEU.15_1']
DEU_JPGG,11-05-2020,Germany,DEU,Thüringen,,,,2619,,124,,,,['DEU.16_1']
DEU_JPGG,11-05-2020,Germany,DEU,Sachsen,,,,4979,,192,,,,['DEU.14_1']
DEU_JPGG,11-05-2020,Germany,DEU,Nordrhein-Westfalen,,,,35503,,1457,,,,['DEU.10_1']
DEU_JPGG,11-05-2020,Germany,DEU,Brandenburg,,,,3179,,164,,,,['DEU.4_1']
DEU_JPGG,08-05-2020,Germany,DEU,Sachsen-Anhalt,,,,1635,,48,,,,['DEU.13_1']
DEU_JPGG,08-05-2020,Germany,DEU,Schleswig-Holstein,,,,2893,,133,,,,['DEU.15_1']
DEU_JPGG,08-05-2020,Germany,DEU,Saarland,,,,2693,,145,,,,['DEU.12_1']
DEU_JPGG,08-05-2020,Germany,DEU,Berlin,,,,6203,,163,,,,['DEU.3_1']
DEU_JPGG,08-05-2020,Germany,DEU,Mecklenburg-Vorpommern,,,,720,,20,,,,['DEU.8_1']
DEU_JPGG,08-05-2020,Germany,DEU,Bremen,,,,1000,,31,,,,['DEU.5_1']
DEU_JPGG,08-05-2020,Germany,DEU,Nordrhein-Westfalen,,,,34692,,1410,,,,['DEU.10_1']
DEU_JPGG,08-05-2020,Germany,DEU,Bayern,,,,44760,,2221,,,,['DEU.2_1']
DEU_JPGG,08-05-2020,Germany,DEU,Thüringen,,,,2527,,113,,,,['DEU.16_1']
DEU_JPGG,08-05-2020,Germany,DEU,Hamburg,,,,4907,,194,,,,['DEU.6_1']
DEU_JPGG,08-05-2020,Germany,DEU,Brandenburg,,,,3124,,159,,,,['DEU.4_1']
DEU_JPGG,08-05-2020,Germany,DEU,Rheinland-Pfalz,,,,6453,,196,,,,['DEU.11_1']
DEU_JPGG,08-05-2020,Germany,DEU,Hessen,,,,8837,,408,,,,['DEU.7_1']
DEU_JPGG,08-05-2020,Germany,DEU,Sachsen,,,,4875,,186,,,,['DEU.14_1']
DEU_JPGG,08-05-2020,Germany,DEU,Baden-Württemberg,,,,33904,,1573,,,,['DEU.1_1']
DEU_JPGG,08-05-2020,Germany,DEU,Niedersachsen,,,,10911,,511,,,,['DEU.9_1']
DEU_JPGG,05-05-2020,Germany,DEU,Schleswig-Holstein,,,,2825,,132,,,,['DEU.15_1']
DEU_JPGG,05-05-2020,Germany,DEU,Rheinland-Pfalz,,,,6393,,191,,,,['DEU.11_1']
DEU_JPGG,05-05-2020,Germany,DEU,Nordrhein-Westfalen,,,,34146,,1367,,,,['DEU.10_1']
DEU_JPGG,05-05-2020,Germany,DEU,Sachsen,,,,4788,,178,,,,['DEU.14_1']
DEU_JPGG,05-05-2020,Germany,DEU,Berlin,,,,6086,,159,,,,['DEU.3_1']
DEU_JPGG,05-05-2020,Germany,DEU,Brandenburg,,,,3036,,152,,,,['DEU.4_1']
DEU_JPGG,05-05-2020,Germany,DEU,Hessen,,,,8655,,394,,,,['DEU.7_1']
DEU_JPGG,05-05-2020,Germany,DEU,Mecklenburg-Vorpommern,,,,712,,20,,,,['DEU.8_1']
DEU_JPGG,05-05-2020,Germany,DEU,Hamburg,,,,4855,,172,,,,['DEU.6_1']
DEU_JPGG,05-05-2020,Germany,DEU,Saarland,,,,2663,,143,,,,['DEU.12_1']
DEU_JPGG,05-05-2020,Germany,DEU,Bayern,,,,44221,,2130,,,,['DEU.2_1']
DEU_JPGG,05-05-2020,Germany,DEU,Niedersachsen,,,,10742,,494,,,,['DEU.9_1']
DEU_JPGG,05-05-2020,Germany,DEU,Sachsen-Anhalt,,,,1601,,48,,,,['DEU.13_1']
DEU_JPGG,05-05-2020,Germany,DEU,Thüringen,,,,2441,,107,,,,['DEU.16_1']
DEU_JPGG,05-05-2020,Germany,DEU,Baden-Württemberg,,,,33582,,1526,,,,['DEU.1_1']
DEU_JPGG,05-05-2020,Germany,DEU,Bremen,,,,919,,31,,,,['DEU.5_1']
DEU_JPGG,03-05-2020,Germany,DEU,Sachsen-Anhalt,,,,1587,,47,,,,['DEU.13_1']
DEU_JPGG,03-05-2020,Germany,DEU,Hessen,,,,8539,,376,,,,['DEU.7_1']
DEU_JPGG,03-05-2020,Germany,DEU,Sachsen,,,,4749,,170,,,,['DEU.14_1']
DEU_JPGG,03-05-2020,Germany,DEU,Hamburg,,,,4834,,164,,,,['DEU.6_1']
DEU_JPGG,03-05-2020,Germany,DEU,Brandenburg,,,,2994,,152,,,,['DEU.4_1']
DEU_JPGG,03-05-2020,Germany,DEU,Bayern,,,,43872,,2063,,,,['DEU.2_1']
DEU_JPGG,03-05-2020,Germany,DEU,Rheinland-Pfalz,,,,6347,,182,,,,['DEU.11_1']
DEU_JPGG,03-05-2020,Germany,DEU,Niedersachsen,,,,10639,,479,,,,['DEU.9_1']
DEU_JPGG,03-05-2020,Germany,DEU,Saarland,,,,2656,,140,,,,['DEU.12_1']
DEU_JPGG,03-05-2020,Germany,DEU,Baden-Württemberg,,,,33405,,1468,,,,['DEU.1_1']
DEU_JPGG,03-05-2020,Germany,DEU,Bremen,,,,894,,31,,,,['DEU.5_1']
DEU_JPGG,03-05-2020,Germany,DEU,Nordrhein-Westfalen,,,,33729,,1303,,,,['DEU.10_1']
DEU_JPGG,03-05-2020,Germany,DEU,Schleswig-Holstein,,,,2744,,126,,,,['DEU.15_1']
DEU_JPGG,03-05-2020,Germany,DEU,Berlin,,,,6004,,154,,,,['DEU.3_1']
DEU_JPGG,03-05-2020,Germany,DEU,Mecklenburg-Vorpommern,,,,701,,19,,,,['DEU.8_1']
DEU_JPGG,03-05-2020,Germany,DEU,Thüringen,,,,2367,,99,,,,['DEU.16_1']
DEU_JPGG,30-04-2020,Germany,DEU,Hamburg,,,,4801,,155,,,,['DEU.6_1']
DEU_JPGG,30-04-2020,Germany,DEU,Bremen,,,,861,,29,,,,['DEU.5_1']
DEU_JPGG,30-04-2020,Germany,DEU,Sachsen-Anhalt,,,,1570,,46,,,,['DEU.13_1']
DEU_JPGG,30-04-2020,Germany,DEU,Rheinland-Pfalz,,,,6263,,175,,,,['DEU.11_1']
DEU_JPGG,30-04-2020,Germany,DEU,Baden-Württemberg,,,,32988,,1438,,,,['DEU.1_1']
DEU_JPGG,30-04-2020,Germany,DEU,Hessen,,,,8380,,361,,,,['DEU.7_1']
DEU_JPGG,30-04-2020,Germany,DEU,Berlin,,,,5881,,149,,,,['DEU.3_1']
DEU_JPGG,30-04-2020,Germany,DEU,Schleswig-Holstein,,,,2713,,118,,,,['DEU.15_1']
DEU_JPGG,30-04-2020,Germany,DEU,Mecklenburg-Vorpommern,,,,696,,19,,,,['DEU.8_1']
DEU_JPGG,30-04-2020,Germany,DEU,Brandenburg,,,,2912,,148,,,,['DEU.4_1']
DEU_JPGG,30-04-2020,Germany,DEU,Thüringen,,,,2320,,97,,,,['DEU.16_1']
DEU_JPGG,30-04-2020,Germany,DEU,Sachsen,,,,4677,,166,,,,['DEU.14_1']
DEU_JPGG,30-04-2020,Germany,DEU,Nordrhein-Westfalen,,,,33212,,1272,,,,['DEU.10_1']
DEU_JPGG,30-04-2020,Germany,DEU,Bayern,,,,43321,,1970,,,,['DEU.2_1']
DEU_JPGG,30-04-2020,Germany,DEU,Niedersachsen,,,,10467,,466,,,,['DEU.9_1']
DEU_JPGG,30-04-2020,Germany,DEU,Saarland,,,,2630,,136,,,,['DEU.12_1']
DEU_JPGG,29-04-2020,Germany,DEU,Mecklenburg-Vorpommern,,,,687,,18,,,,['DEU.8_1']
DEU_JPGG,29-04-2020,Germany,DEU,Brandenburg,,,,2843,,138,,,,['DEU.4_1']
DEU_JPGG,29-04-2020,Germany,DEU,Schleswig-Holstein,,,,2654,,114,,,,['DEU.15_1']
DEU_JPGG,29-04-2020,Germany,DEU,Niedersachsen,,,,10303,,446,,,,['DEU.9_1']
DEU_JPGG,29-04-2020,Germany,DEU,Nordrhein-Westfalen,,,,32657,,1227,,,,['DEU.10_1']
DEU_JPGG,29-04-2020,Germany,DEU,Berlin,,,,5738,,147,,,,['DEU.3_1']
DEU_JPGG,29-04-2020,Germany,DEU,Hessen,,,,8139,,354,,,,['DEU.7_1']
DEU_JPGG,29-04-2020,Germany,DEU,Baden-Württemberg,,,,32564,,1387,,,,['DEU.1_1']
DEU_JPGG,29-04-2020,Germany,DEU,Bayern,,,,42501,,1901,,,,['DEU.2_1']
DEU_JPGG,29-04-2020,Germany,DEU,Sachsen-Anhalt,,,,1532,,44,,,,['DEU.13_1']
DEU_JPGG,29-04-2020,Germany,DEU,Rheinland-Pfalz,,,,6145,,165,,,,['DEU.11_1']
DEU_JPGG,29-04-2020,Germany,DEU,Saarland,,,,2526,,135,,,,['DEU.12_1']
DEU_JPGG,29-04-2020,Germany,DEU,Bremen,,,,798,,29,,,,['DEU.5_1']
DEU_JPGG,29-04-2020,Germany,DEU,Sachsen,,,,4601,,158,,,,['DEU.14_1']
DEU_JPGG,29-04-2020,Germany,DEU,Hamburg,,,,4682,,153,,,,['DEU.6_1']
DEU_JPGG,29-04-2020,Germany,DEU,Thüringen,,,,2207,,86,,,,['DEU.16_1']
DEU_JPGG,27-04-2020,Germany,DEU,Nordrhein-Westfalen,,,,32256,,1163,,,,['DEU.10_1']
DEU_JPGG,27-04-2020,Germany,DEU,Mecklenburg-Vorpommern,,,,675,,17,,,,['DEU.8_1']
DEU_JPGG,27-04-2020,Germany,DEU,Sachsen-Anhalt,,,,1522,,41,,,,['DEU.13_1']
DEU_JPGG,27-04-2020,Germany,DEU,Schleswig-Holstein,,,,2630,,108,,,,['DEU.15_1']
DEU_JPGG,27-04-2020,Germany,DEU,Brandenburg,,,,2787,,132,,,,['DEU.4_1']
DEU_JPGG,27-04-2020,Germany,DEU,Niedersachsen,,,,10176,,423,,,,['DEU.9_1']
DEU_JPGG,27-04-2020,Germany,DEU,Sachsen,,,,4564,,149,,,,['DEU.14_1']
DEU_JPGG,27-04-2020,Germany,DEU,Thüringen,,,,2127,,77,,,,['DEU.16_1']
DEU_JPGG,27-04-2020,Germany,DEU,Hessen,,,,8018,,331,,,,['DEU.7_1']
DEU_JPGG,27-04-2020,Germany,DEU,Saarland,,,,2518,,124,,,,['DEU.12_1']
DEU_JPGG,27-04-2020,Germany,DEU,Bayern,,,,41856,,1767,,,,['DEU.2_1']
DEU_JPGG,27-04-2020,Germany,DEU,Rheinland-Pfalz,,,,6057,,158,,,,['DEU.11_1']
DEU_JPGG,27-04-2020,Germany,DEU,Baden-Württemberg,,,,32106,,1303,,,,['DEU.1_1']
DEU_JPGG,27-04-2020,Germany,DEU,Berlin,,,,5677,,127,,,,['DEU.3_1']
DEU_JPGG,27-04-2020,Germany,DEU,Bremen,,,,761,,26,,,,['DEU.5_1']
DEU_JPGG,27-04-2020,Germany,DEU,Hamburg,,,,4658,,142,,,,['DEU.6_1']
DEU_JPGG,25-04-2020,Germany,DEU,Sachsen,,,,4505,,146,,,,['DEU.14_1']
DEU_JPGG,25-04-2020,Germany,DEU,Bayern,,,,41216,,1717,,,,['DEU.2_1']
DEU_JPGG,25-04-2020,Germany,DEU,Nordrhein-Westfalen,,,,31682,,1126,,,,['DEU.10_1']
DEU_JPGG,25-04-2020,Germany,DEU,Niedersachsen,,,,10020,,410,,,,['DEU.9_1']
DEU_JPGG,25-04-2020,Germany,DEU,Hamburg,,,,4558,,139,,,,['DEU.6_1']
DEU_JPGG,25-04-2020,Germany,DEU,Berlin,,,,5532,,113,,,,['DEU.3_1']
DEU_JPGG,25-04-2020,Germany,DEU,Brandenburg,,,,2704,,129,,,,['DEU.4_1']
DEU_JPGG,25-04-2020,Germany,DEU,Sachsen-Anhalt,,,,1492,,37,,,,['DEU.13_1']
DEU_JPGG,25-04-2020,Germany,DEU,Thüringen,,,,2070,,71,,,,['DEU.16_1']
DEU_JPGG,25-04-2020,Germany,DEU,Baden-Württemberg,,,,31577,,1270,,,,['DEU.1_1']
DEU_JPGG,25-04-2020,Germany,DEU,Schleswig-Holstein,,,,2586,,100,,,,['DEU.15_1']
DEU_JPGG,25-04-2020,Germany,DEU,Saarland,,,,2476,,121,,,,['DEU.12_1']
DEU_JPGG,25-04-2020,Germany,DEU,Hessen,,,,7847,,329,,,,['DEU.7_1']
DEU_JPGG,25-04-2020,Germany,DEU,Rheinland-Pfalz,,,,5942,,147,,,,['DEU.11_1']
DEU_JPGG,25-04-2020,Germany,DEU,Mecklenburg-Vorpommern,,,,667,,17,,,,['DEU.8_1']
DEU_JPGG,25-04-2020,Germany,DEU,Bremen,,,,722,,26,,,,['DEU.5_1']
DEU_JPGG,24-04-2020,Germany,DEU,Hessen,,,,7818,,306,,,,['DEU.7_1']
DEU_JPGG,24-04-2020,Germany,DEU,Sachsen,,,,4486,,143,,,,['DEU.14_1']
DEU_JPGG,24-04-2020,Germany,DEU,Bayern,,,,41053,,1676,,,,['DEU.2_1']
DEU_JPGG,24-04-2020,Germany,DEU,Baden-Württemberg,,,,31418,,1226,,,,['DEU.1_1']
DEU_JPGG,24-04-2020,Germany,DEU,Schleswig-Holstein,,,,2575,,96,,,,['DEU.15_1']
DEU_JPGG,24-04-2020,Germany,DEU,Saarland,,,,2452,,120,,,,['DEU.12_1']
DEU_JPGG,24-04-2020,Germany,DEU,Niedersachsen,,,,9978,,393,,,,['DEU.9_1']
DEU_JPGG,24-04-2020,Germany,DEU,Nordrhein-Westfalen,,,,31606,,1091,,,,['DEU.10_1']
DEU_JPGG,24-04-2020,Germany,DEU,Berlin,,,,5476,,112,,,,['DEU.3_1']
DEU_JPGG,24-04-2020,Germany,DEU,Sachsen-Anhalt,,,,1490,,37,,,,['DEU.13_1']
DEU_JPGG,24-04-2020,Germany,DEU,Mecklenburg-Vorpommern,,,,661,,17,,,,['DEU.8_1']
DEU_JPGG,24-04-2020,Germany,DEU,Hamburg,,,,4558,,113,,,,['DEU.6_1']
DEU_JPGG,24-04-2020,Germany,DEU,Bremen,,,,720,,26,,,,['DEU.5_1']
DEU_JPGG,24-04-2020,Germany,DEU,Thüringen,,,,2054,,69,,,,['DEU.16_1']
DEU_JPGG,24-04-2020,Germany,DEU,Rheinland-Pfalz,,,,5921,,143,,,,['DEU.11_1']
DEU_JPGG,24-04-2020,Germany,DEU,Brandenburg,,,,2694,,118,,,,['DEU.4_1']
DEU_JPGG,22-04-2020,Germany,DEU,Brandenburg,,,,2480,,106,,,,['DEU.4_1']
DEU_JPGG,22-04-2020,Germany,DEU,Bayern,,,,39436,,1505,,,,['DEU.2_1']
DEU_JPGG,22-04-2020,Germany,DEU,Nordrhein-Westfalen,,,,30596,,983,,,,['DEU.10_1']
DEU_JPGG,22-04-2020,Germany,DEU,Hessen,,,,7396,,266,,,,['DEU.7_1']
DEU_JPGG,22-04-2020,Germany,DEU,Saarland,,,,2381,,108,,,,['DEU.12_1']
DEU_JPGG,22-04-2020,Germany,DEU,Hamburg,,,,4401,,91,,,,['DEU.6_1']
DEU_JPGG,22-04-2020,Germany,DEU,Schleswig-Holstein,,,,2485,,84,,,,['DEU.15_1']
DEU_JPGG,22-04-2020,Germany,DEU,Bremen,,,,627,,25,,,,['DEU.5_1']
DEU_JPGG,22-04-2020,Germany,DEU,Rheinland-Pfalz,,,,5747,,126,,,,['DEU.11_1']
DEU_JPGG,22-04-2020,Germany,DEU,Mecklenburg-Vorpommern,,,,656,,16,,,,['DEU.8_1']
DEU_JPGG,22-04-2020,Germany,DEU,Sachsen,,,,4357,,126,,,,['DEU.14_1']
DEU_JPGG,22-04-2020,Germany,DEU,Thüringen,,,,1917,,65,,,,['DEU.16_1']
DEU_JPGG,22-04-2020,Germany,DEU,Sachsen-Anhalt,,,,1425,,35,,,,['DEU.13_1']
DEU_JPGG,22-04-2020,Germany,DEU,Niedersachsen,,,,9650,,362,,,,['DEU.9_1']
DEU_JPGG,22-04-2020,Germany,DEU,Baden-Württemberg,,,,30110,,1138,,,,['DEU.1_1']
DEU_JPGG,22-04-2020,Germany,DEU,Berlin,,,,5341,,105,,,,['DEU.3_1']
DEU_JPGG,21-04-2020,Germany,DEU,Sachsen-Anhalt,,,,1414,,34,,,,['DEU.13_1']
DEU_JPGG,21-04-2020,Germany,DEU,Brandenburg,,,,2470,,95,,,,['DEU.4_1']
DEU_JPGG,21-04-2020,Germany,DEU,Hessen,,,,7372,,255,,,,['DEU.7_1']
DEU_JPGG,21-04-2020,Germany,DEU,Bremen,,,,626,,25,,,,['DEU.5_1']
DEU_JPGG,21-04-2020,Germany,DEU,Niedersachsen,,,,9598,,342,,,,['DEU.9_1']
DEU_JPGG,21-04-2020,Germany,DEU,Bayern,,,,39251,,1447,,,,['DEU.2_1']
DEU_JPGG,21-04-2020,Germany,DEU,Hamburg,,,,4401,,91,,,,['DEU.6_1']
DEU_JPGG,21-04-2020,Germany,DEU,Berlin,,,,5265,,97,,,,['DEU.3_1']
DEU_JPGG,21-04-2020,Germany,DEU,Nordrhein-Westfalen,,,,30447,,939,,,,['DEU.10_1']
DEU_JPGG,21-04-2020,Germany,DEU,Baden-Württemberg,,,,29885,,1093,,,,['DEU.1_1']
DEU_JPGG,21-04-2020,Germany,DEU,Sachsen,,,,4345,,119,,,,['DEU.14_1']
DEU_JPGG,21-04-2020,Germany,DEU,Thüringen,,,,1831,,61,,,,['DEU.16_1']
DEU_JPGG,21-04-2020,Germany,DEU,Mecklenburg-Vorpommern,,,,655,,16,,,,['DEU.8_1']
DEU_JPGG,21-04-2020,Germany,DEU,Rheinland-Pfalz,,,,5729,,118,,,,['DEU.11_1']
DEU_JPGG,21-04-2020,Germany,DEU,Schleswig-Holstein,,,,2423,,78,,,,['DEU.15_1']
DEU_JPGG,21-04-2020,Germany,DEU,Saarland,,,,2349,,102,,,,['DEU.12_1']
DEU_JPGG,20-04-2020,Germany,DEU,Brandenburg,,,,2402,,93,,,,['DEU.4_1']
DEU_JPGG,20-04-2020,Germany,DEU,Mecklenburg-Vorpommern,,,,652,,16,,,,['DEU.8_1']
DEU_JPGG,20-04-2020,Germany,DEU,Bayern,,,,38301,,1373,,,,['DEU.2_1']
DEU_JPGG,20-04-2020,Germany,DEU,Bremen,,,,603,,25,,,,['DEU.5_1']
DEU_JPGG,20-04-2020,Germany,DEU,Baden-Württemberg,,,,29575,,1043,,,,['DEU.1_1']
DEU_JPGG,20-04-2020,Germany,DEU,Rheinland-Pfalz,,,,5668,,113,,,,['DEU.11_1']
DEU_JPGG,20-04-2020,Germany,DEU,Nordrhein-Westfalen,,,,30028,,913,,,,['DEU.10_1']
DEU_JPGG,20-04-2020,Germany,DEU,Hessen,,,,7178,,238,,,,['DEU.7_1']
DEU_JPGG,20-04-2020,Germany,DEU,Sachsen-Anhalt,,,,1401,,32,,,,['DEU.13_1']
DEU_JPGG,20-04-2020,Germany,DEU,Sachsen,,,,4302,,113,,,,['DEU.14_1']
DEU_JPGG,20-04-2020,Germany,DEU,Berlin,,,,5225,,94,,,,['DEU.3_1']
DEU_JPGG,20-04-2020,Germany,DEU,Thüringen,,,,1804,,55,,,,['DEU.16_1']
DEU_JPGG,20-04-2020,Germany,DEU,Hamburg,,,,4347,,91,,,,['DEU.6_1']
DEU_JPGG,20-04-2020,Germany,DEU,Niedersachsen,,,,9444,,330,,,,['DEU.9_1']
DEU_JPGG,20-04-2020,Germany,DEU,Schleswig-Holstein,,,,2412,,71,,,,['DEU.15_1']
DEU_JPGG,20-04-2020,Germany,DEU,Saarland,,,,2339,,100,,,,['DEU.12_1']
DEU_JPGG,18-04-2020,Germany,DEU,Schleswig-Holstein,,,,2397,,65,,,,['DEU.15_1']
DEU_JPGG,18-04-2020,Germany,DEU,Hessen,,,,7015,,224,,,,['DEU.7_1']
DEU_JPGG,18-04-2020,Germany,DEU,Brandenburg,,,,2340,,85,,,,['DEU.4_1']
DEU_JPGG,18-04-2020,Germany,DEU,Sachsen-Anhalt,,,,1357,,30,,,,['DEU.13_1']
DEU_JPGG,18-04-2020,Germany,DEU,Sachsen,,,,4245,,109,,,,['DEU.14_1']
DEU_JPGG,18-04-2020,Germany,DEU,Thüringen,,,,1738,,54,,,,['DEU.16_1']
DEU_JPGG,18-04-2020,Germany,DEU,Saarland,,,,2307,,94,,,,['DEU.12_1']
DEU_JPGG,18-04-2020,Germany,DEU,Bremen,,,,584,,25,,,,['DEU.5_1']
DEU_JPGG,18-04-2020,Germany,DEU,Baden-Württemberg,,,,28828,,996,,,,['DEU.1_1']
DEU_JPGG,18-04-2020,Germany,DEU,Niedersachsen,,,,9289,,322,,,,['DEU.9_1']
DEU_JPGG,18-04-2020,Germany,DEU,Rheinland-Pfalz,,,,5573,,109,,,,['DEU.11_1']
DEU_JPGG,18-04-2020,Germany,DEU,Hamburg,,,,4297,,90,,,,['DEU.6_1']
DEU_JPGG,18-04-2020,Germany,DEU,Berlin,,,,5091,,92,,,,['DEU.3_1']
DEU_JPGG,18-04-2020,Germany,DEU,Mecklenburg-Vorpommern,,,,649,,15,,,,['DEU.8_1']
DEU_JPGG,18-04-2020,Germany,DEU,Nordrhein-Westfalen,,,,29485,,867,,,,['DEU.10_1']
DEU_JPGG,18-04-2020,Germany,DEU,Bayern,,,,37946,,1301,,,,['DEU.2_1']
DEU_JPGG,17-04-2020,Germany,DEU,Hessen,,,,6682,,203,,,,['DEU.7_1']
DEU_JPGG,17-04-2020,Germany,DEU,Hamburg,,,,4064,,80,,,,['DEU.6_1']
DEU_JPGG,17-04-2020,Germany,DEU,Baden-Württemberg,,,,27721,,911,,,,['DEU.1_1']
DEU_JPGG,17-04-2020,Germany,DEU,Sachsen,,,,4127,,96,,,,['DEU.14_1']
DEU_JPGG,17-04-2020,Germany,DEU,Niedersachsen,,,,8937,,289,,,,['DEU.9_1']
DEU_JPGG,17-04-2020,Germany,DEU,Saarland,,,,2275,,77,,,,['DEU.12_1']
DEU_JPGG,17-04-2020,Germany,DEU,Thüringen,,,,1620,,47,,,,['DEU.16_1']
DEU_JPGG,17-04-2020,Germany,DEU,Schleswig-Holstein,,,,2330,,62,,,,['DEU.15_1']
DEU_JPGG,17-04-2020,Germany,DEU,Brandenburg,,,,2255,,76,,,,['DEU.4_1']
DEU_JPGG,17-04-2020,Germany,DEU,Bremen,,,,555,,22,,,,['DEU.5_1']
DEU_JPGG,17-04-2020,Germany,DEU,Bayern,,,,36390,,1147,,,,['DEU.2_1']
DEU_JPGG,17-04-2020,Germany,DEU,Rheinland-Pfalz,,,,5369,,92,,,,['DEU.11_1']
DEU_JPGG,17-04-2020,Germany,DEU,Sachsen-Anhalt,,,,1291,,28,,,,['DEU.13_1']
DEU_JPGG,17-04-2020,Germany,DEU,Mecklenburg-Vorpommern,,,,643,,13,,,,['DEU.8_1']
DEU_JPGG,17-04-2020,Germany,DEU,Nordrhein-Westfalen,,,,28550,,773,,,,['DEU.10_1']
DEU_JPGG,17-04-2020,Germany,DEU,Berlin,,,,4971,,84,,,,['DEU.3_1']
DEU_JPGG,15-04-2020,Germany,DEU,Hamburg,,,,3925,,61,,,,['DEU.6_1']
DEU_JPGG,15-04-2020,Germany,DEU,Mecklenburg-Vorpommern,,,,625,,14,,,,['DEU.8_1']
DEU_JPGG,15-04-2020,Germany,DEU,Brandenburg,,,,2170,,72,,,,['DEU.4_1']
DEU_JPGG,15-04-2020,Germany,DEU,Schleswig-Holstein,,,,2278,,55,,,,['DEU.15_1']
DEU_JPGG,15-04-2020,Germany,DEU,Niedersachsen,,,,8558,,265,,,,['DEU.9_1']
DEU_JPGG,15-04-2020,Germany,DEU,Hessen,,,,6346,,188,,,,['DEU.7_1']
DEU_JPGG,15-04-2020,Germany,DEU,Sachsen,,,,4030,,89,,,,['DEU.14_1']
DEU_JPGG,15-04-2020,Germany,DEU,Saarland,,,,2191,,64,,,,['DEU.12_1']
DEU_JPGG,15-04-2020,Germany,DEU,Nordrhein-Westfalen,,,,27554,,705,,,,['DEU.10_1']
DEU_JPGG,15-04-2020,Germany,DEU,Berlin,,,,4736,,74,,,,['DEU.3_1']
DEU_JPGG,15-04-2020,Germany,DEU,Thüringen,,,,1588,,38,,,,['DEU.16_1']
DEU_JPGG,15-04-2020,Germany,DEU,Baden-Württemberg,,,,27080,,816,,,,['DEU.1_1']
DEU_JPGG,15-04-2020,Germany,DEU,Rheinland-Pfalz,,,,5191,,87,,,,['DEU.11_1']
DEU_JPGG,15-04-2020,Germany,DEU,Sachsen-Anhalt,,,,1258,,26,,,,['DEU.13_1']
DEU_JPGG,15-04-2020,Germany,DEU,Bayern,,,,35174,,1048,,,,['DEU.2_1']
DEU_JPGG,15-04-2020,Germany,DEU,Bremen,,,,499,,20,,,,['DEU.5_1']
DEU_JPGG,14-04-2020,Germany,DEU,Saarland,,,,2145,,57,,,,['DEU.12_1']
DEU_JPGG,14-04-2020,Germany,DEU,Nordrhein-Westfalen,,,,27114,,672,,,,['DEU.10_1']
DEU_JPGG,14-04-2020,Germany,DEU,Sachsen-Anhalt,,,,1224,,25,,,,['DEU.13_1']
DEU_JPGG,14-04-2020,Germany,DEU,Rheinland-Pfalz,,,,5054,,75,,,,['DEU.11_1']
DEU_JPGG,14-04-2020,Germany,DEU,Sachsen,,,,3931,,76,,,,['DEU.14_1']
DEU_JPGG,14-04-2020,Germany,DEU,Schleswig-Holstein,,,,2213,,51,,,,['DEU.15_1']
DEU_JPGG,14-04-2020,Germany,DEU,Hessen,,,,6191,,165,,,,['DEU.7_1']
DEU_JPGG,14-04-2020,Germany,DEU,Baden-Württemberg,,,,26446,,746,,,,['DEU.1_1']
DEU_JPGG,14-04-2020,Germany,DEU,Bayern,,,,34231,,904,,,,['DEU.2_1']
DEU_JPGG,14-04-2020,Germany,DEU,Berlin,,,,4667,,56,,,,['DEU.3_1']
DEU_JPGG,14-04-2020,Germany,DEU,Brandenburg,,,,2097,,61,,,,['DEU.4_1']
DEU_JPGG,14-04-2020,Germany,DEU,Niedersachsen,,,,8338,,242,,,,['DEU.9_1']
DEU_JPGG,14-04-2020,Germany,DEU,Bremen,,,,491,,19,,,,['DEU.5_1']
DEU_JPGG,14-04-2020,Germany,DEU,Mecklenburg-Vorpommern,,,,618,,12,,,,['DEU.8_1']
DEU_JPGG,14-04-2020,Germany,DEU,Hamburg,,,,3887,,56,,,,['DEU.6_1']
DEU_JPGG,14-04-2020,Germany,DEU,Thüringen,,,,1515,,29,,,,['DEU.16_1']
DEU_JPGG,10-04-2020,Germany,DEU,Hessen,,,,5541,,120,,,,['DEU.7_1']
DEU_JPGG,10-04-2020,Germany,DEU,Baden-Württemberg,,,,23969,,612,,,,['DEU.1_1']
DEU_JPGG,10-04-2020,Germany,DEU,Nordrhein-Westfalen,,,,24898,,523,,,,['DEU.10_1']
DEU_JPGG,10-04-2020,Germany,DEU,Berlin,,,,4357,,42,,,,['DEU.3_1']
DEU_JPGG,10-04-2020,Germany,DEU,Bremen,,,,453,,13,,,,['DEU.5_1']
DEU_JPGG,10-04-2020,Germany,DEU,Thüringen,,,,1399,,23,,,,['DEU.16_1']
DEU_JPGG,10-04-2020,Germany,DEU,Sachsen,,,,3528,,67,,,,['DEU.14_1']
DEU_JPGG,10-04-2020,Germany,DEU,Mecklenburg-Vorpommern,,,,586,,11,,,,['DEU.8_1']
DEU_JPGG,10-04-2020,Germany,DEU,Brandenburg,,,,1864,,52,,,,['DEU.4_1']
DEU_JPGG,10-04-2020,Germany,DEU,Sachsen-Anhalt,,,,1139,,18,,,,['DEU.13_1']
DEU_JPGG,10-04-2020,Germany,DEU,Hamburg,,,,3518,,44,,,,['DEU.6_1']
DEU_JPGG,10-04-2020,Germany,DEU,Schleswig-Holstein,,,,1972,,41,,,,['DEU.15_1']
DEU_JPGG,10-04-2020,Germany,DEU,Saarland,,,,1903,,38,,,,['DEU.12_1']
DEU_JPGG,10-04-2020,Germany,DEU,Rheinland-Pfalz,,,,4641,,62,,,,['DEU.11_1']
DEU_JPGG,10-04-2020,Germany,DEU,Bayern,,,,30904,,735,,,,['DEU.2_1']
DEU_JPGG,10-04-2020,Germany,DEU,Niedersachsen,,,,7543,,178,,,,['DEU.9_1']
DEU_JPGG,08-04-2020,Germany,DEU,Rheinland-Pfalz,,,,4387,,53,,,,['DEU.11_1']
DEU_JPGG,08-04-2020,Germany,DEU,Schleswig-Holstein,,,,1823,,25,,,,['DEU.15_1']
DEU_JPGG,08-04-2020,Germany,DEU,Bayern,,,,28809,,615,,,,['DEU.2_1']
DEU_JPGG,08-04-2020,Germany,DEU,Hessen,,,,5182,,103,,,,['DEU.7_1']
DEU_JPGG,08-04-2020,Germany,DEU,Thüringen,,,,1276,,20,,,,['DEU.16_1']
DEU_JPGG,08-04-2020,Germany,DEU,Brandenburg,,,,1697,,39,,,,['DEU.4_1']
DEU_JPGG,08-04-2020,Germany,DEU,Nordrhein-Westfalen,,,,23174,,422,,,,['DEU.10_1']
DEU_JPGG,08-04-2020,Germany,DEU,Bremen,,,,424,,11,,,,['DEU.5_1']
DEU_JPGG,08-04-2020,Germany,DEU,Hamburg,,,,3370,,29,,,,['DEU.6_1']
DEU_JPGG,08-04-2020,Germany,DEU,Saarland,,,,1700,,28,,,,['DEU.12_1']
DEU_JPGG,08-04-2020,Germany,DEU,Niedersachsen,,,,7050,,152,,,,['DEU.9_1']
DEU_JPGG,08-04-2020,Germany,DEU,Baden-Württemberg,,,,22585,,534,,,,['DEU.1_1']
DEU_JPGG,08-04-2020,Germany,DEU,Sachsen,,,,3245,,56,,,,['DEU.14_1']
DEU_JPGG,08-04-2020,Germany,DEU,Sachsen-Anhalt,,,,1037,,16,,,,['DEU.13_1']
DEU_JPGG,08-04-2020,Germany,DEU,Mecklenburg-Vorpommern,,,,558,,11,,,,['DEU.8_1']
DEU_JPGG,08-04-2020,Germany,DEU,Berlin,,,,4038,,37,,,,['DEU.3_1']
DEU_JPGG,07-04-2020,Germany,DEU,Sachsen,,,,3160,,44,,,,['DEU.14_1']
DEU_JPGG,07-04-2020,Germany,DEU,Thüringen,,,,1227,,15,,,,['DEU.16_1']
DEU_JPGG,07-04-2020,Germany,DEU,Hamburg,,,,3088,,19,,,,['DEU.6_1']
DEU_JPGG,07-04-2020,Germany,DEU,Nordrhein-Westfalen,,,,21915,,384,,,,['DEU.10_1']
DEU_JPGG,07-04-2020,Germany,DEU,Saarland,,,,1611,,27,,,,['DEU.12_1']
DEU_JPGG,07-04-2020,Germany,DEU,Baden-Württemberg,,,,21445,,467,,,,['DEU.1_1']
DEU_JPGG,07-04-2020,Germany,DEU,Berlin,,,,3862,,28,,,,['DEU.3_1']
DEU_JPGG,07-04-2020,Germany,DEU,Sachsen-Anhalt,,,,1002,,13,,,,['DEU.13_1']
DEU_JPGG,07-04-2020,Germany,DEU,Brandenburg,,,,1512,,33,,,,['DEU.4_1']
DEU_JPGG,07-04-2020,Germany,DEU,Hessen,,,,4816,,78,,,,['DEU.7_1']
DEU_JPGG,07-04-2020,Germany,DEU,Bayern,,,,26533,,506,,,,['DEU.2_1']
DEU_JPGG,07-04-2020,Germany,DEU,Niedersachsen,,,,6520,,126,,,,['DEU.9_1']
DEU_JPGG,07-04-2020,Germany,DEU,Rheinland-Pfalz,,,,4153,,43,,,,['DEU.11_1']
DEU_JPGG,07-04-2020,Germany,DEU,Schleswig-Holstein,,,,1711,,23,,,,['DEU.15_1']
DEU_JPGG,07-04-2020,Germany,DEU,Mecklenburg-Vorpommern,,,,531,,8,,,,['DEU.8_1']
DEU_JPGG,07-04-2020,Germany,DEU,Bremen,,,,397,,9,,,,['DEU.5_1']
DEU_JPGG,06-04-2020,Germany,DEU,Brandenburg,,,,1472,,31,,,,['DEU.4_1']
DEU_JPGG,06-04-2020,Germany,DEU,Schleswig-Holstein,,,,1677,,18,,,,['DEU.15_1']
DEU_JPGG,06-04-2020,Germany,DEU,Rheinland-Pfalz,,,,3952,,39,,,,['DEU.11_1']
DEU_JPGG,06-04-2020,Germany,DEU,Mecklenburg-Vorpommern,,,,529,,8,,,,['DEU.8_1']
DEU_JPGG,06-04-2020,Germany,DEU,Baden-Württemberg,,,,20879,,449,,,,['DEU.1_1']
DEU_JPGG,06-04-2020,Germany,DEU,Thüringen,,,,1180,,13,,,,['DEU.16_1']
DEU_JPGG,06-04-2020,Germany,DEU,Sachsen,,,,3122,,41,,,,['DEU.14_1']
DEU_JPGG,06-04-2020,Germany,DEU,Sachsen-Anhalt,,,,995,,12,,,,['DEU.13_1']
DEU_JPGG,06-04-2020,Germany,DEU,Nordrhein-Westfalen,,,,21232,,336,,,,['DEU.10_1']
DEU_JPGG,06-04-2020,Germany,DEU,Bremen,,,,395,,9,,,,['DEU.5_1']
DEU_JPGG,06-04-2020,Germany,DEU,Niedersachsen,,,,6680,,113,,,,['DEU.9_1']
DEU_JPGG,06-04-2020,Germany,DEU,Hessen,,,,4725,,71,,,,['DEU.7_1']
DEU_JPGG,06-04-2020,Germany,DEU,Bayern,,,,25965,,475,,,,['DEU.2_1']
DEU_JPGG,06-04-2020,Germany,DEU,Saarland,,,,1544,,21,,,,['DEU.12_1']
DEU_JPGG,06-04-2020,Germany,DEU,Hamburg,,,,3088,,19,,,,['DEU.6_1']
DEU_JPGG,06-04-2020,Germany,DEU,Berlin,,,,3687,,28,,,,['DEU.3_1']
DEU_JPGG,05-04-2020,Germany,DEU,Mecklenburg-Vorpommern,,,,528,,6,,,,['DEU.8_1']
DEU_JPGG,05-04-2020,Germany,DEU,Brandenburg,,,,1457,,27,,,,['DEU.4_1']
DEU_JPGG,05-04-2020,Germany,DEU,Rheinland-Pfalz,,,,3988,,36,,,,['DEU.11_1']
DEU_JPGG,05-04-2020,Germany,DEU,Saarland,,,,1542,,21,,,,['DEU.12_1']
DEU_JPGG,05-04-2020,Germany,DEU,Schleswig-Holstein,,,,1660,,17,,,,['DEU.15_1']
DEU_JPGG,05-04-2020,Germany,DEU,Thüringen,,,,1164,,11,,,,['DEU.16_1']
DEU_JPGG,05-04-2020,Germany,DEU,Nordrhein-Westfalen,,,,21091,,302,,,,['DEU.10_1']
DEU_JPGG,05-04-2020,Germany,DEU,Sachsen-Anhalt,,,,975,,12,,,,['DEU.13_1']
DEU_JPGG,05-04-2020,Germany,DEU,Berlin,,,,3687,,26,,,,['DEU.3_1']
DEU_JPGG,05-04-2020,Germany,DEU,Sachsen,,,,3039,,40,,,,['DEU.14_1']
DEU_JPGG,05-04-2020,Germany,DEU,Bremen,,,,395,,8,,,,['DEU.5_1']
DEU_JPGG,05-04-2020,Germany,DEU,Baden-Württemberg,,,,20673,,402,,,,['DEU.1_1']
DEU_JPGG,05-04-2020,Germany,DEU,Bayern,,,,25376,,431,,,,['DEU.2_1']
DEU_JPGG,05-04-2020,Germany,DEU,Hessen,,,,4652,,66,,,,['DEU.7_1']
DEU_JPGG,05-04-2020,Germany,DEU,Hamburg,,,,3019,,19,,,,['DEU.6_1']
DEU_JPGG,05-04-2020,Germany,DEU,Niedersachsen,,,,6267,,97,,,,['DEU.9_1']
DEU_JPGG,04-04-2020,Germany,DEU,Hessen,,,,4498,,57,,,,['DEU.7_1']
DEU_JPGG,04-04-2020,Germany,DEU,Sachsen,,,,2895,,35,,,,['DEU.14_1']
DEU_JPGG,04-04-2020,Germany,DEU,Hamburg,,,,2882,,16,,,,['DEU.6_1']
DEU_JPGG,04-04-2020,Germany,DEU,Niedersachsen,,,,5999,,94,,,,['DEU.9_1']
DEU_JPGG,04-04-2020,Germany,DEU,Sachsen-Anhalt,,,,948,,12,,,,['DEU.13_1']
DEU_JPGG,04-04-2020,Germany,DEU,Bremen,,,,388,,6,,,,['DEU.5_1']
DEU_JPGG,04-04-2020,Germany,DEU,Schleswig-Holstein,,,,1603,,20,,,,['DEU.15_1']
DEU_JPGG,04-04-2020,Germany,DEU,Brandenburg,,,,1375,,24,,,,['DEU.4_1']
DEU_JPGG,04-04-2020,Germany,DEU,Rheinland-Pfalz,,,,3865,,37,,,,['DEU.11_1']
DEU_JPGG,04-04-2020,Germany,DEU,Berlin,,,,3626,,24,,,,['DEU.3_1']
DEU_JPGG,04-04-2020,Germany,DEU,Baden-Württemberg,,,,19713,,378,,,,['DEU.1_1']
DEU_JPGG,04-04-2020,Germany,DEU,Saarland,,,,1386,,20,,,,['DEU.12_1']
DEU_JPGG,04-04-2020,Germany,DEU,Mecklenburg-Vorpommern,,,,526,,5,,,,['DEU.8_1']
DEU_JPGG,04-04-2020,Germany,DEU,Nordrhein-Westfalen,,,,20155,,257,,,,['DEU.10_1']
DEU_JPGG,04-04-2020,Germany,DEU,Thüringen,,,,1117,,14,,,,['DEU.16_1']
DEU_JPGG,04-04-2020,Germany,DEU,Bayern,,,,23894,,399,,,,['DEU.2_1']
DEU_JPGG,03-04-2020,Germany,DEU,Brandenburg,,,,1313,,14,,,,['DEU.4_1']
DEU_JPGG,03-04-2020,Germany,DEU,Hamburg,,,,2739,,16,,,,['DEU.6_1']
DEU_JPGG,03-04-2020,Germany,DEU,Sachsen-Anhalt,,,,916,,11,,,,['DEU.13_1']
DEU_JPGG,03-04-2020,Germany,DEU,Thüringen,,,,1067,,9,,,,['DEU.16_1']
DEU_JPGG,03-04-2020,Germany,DEU,Bremen,,,,354,,6,,,,['DEU.5_1']
DEU_JPGG,03-04-2020,Germany,DEU,Mecklenburg-Vorpommern,,,,506,,5,,,,['DEU.8_1']
DEU_JPGG,03-04-2020,Germany,DEU,Niedersachsen,,,,5776,,82,,,,['DEU.9_1']
DEU_JPGG,03-04-2020,Germany,DEU,Baden-Württemberg,,,,18718,,335,,,,['DEU.1_1']
DEU_JPGG,03-04-2020,Germany,DEU,Saarland,,,,1303,,18,,,,['DEU.12_1']
DEU_JPGG,03-04-2020,Germany,DEU,Sachsen,,,,2704,,22,,,,['DEU.14_1']
DEU_JPGG,03-04-2020,Germany,DEU,Bayern,,,,22164,,341,,,,['DEU.2_1']
DEU_JPGG,03-04-2020,Germany,DEU,Hessen,,,,4265,,43,,,,['DEU.7_1']
DEU_JPGG,03-04-2020,Germany,DEU,Berlin,,,,3486,,22,,,,['DEU.3_1']
DEU_JPGG,03-04-2020,Germany,DEU,Nordrhein-Westfalen,,,,19686,,232,,,,['DEU.10_1']
DEU_JPGG,03-04-2020,Germany,DEU,Schleswig-Holstein,,,,1484,,17,,,,['DEU.15_1']
DEU_JPGG,03-04-2020,Germany,DEU,Rheinland-Pfalz,,,,3685,,33,,,,['DEU.11_1']
DEU_JPGG,02-04-2020,Germany,DEU,Bayern,,,,19663,,293,,,,['DEU.2_1']
DEU_JPGG,02-04-2020,Germany,DEU,Niedersachsen,,,,5236,,69,,,,['DEU.9_1']
DEU_JPGG,02-04-2020,Germany,DEU,Berlin,,,,3223,,20,,,,['DEU.3_1']
DEU_JPGG,02-04-2020,Germany,DEU,Hamburg,,,,2557,,14,,,,['DEU.6_1']
DEU_JPGG,02-04-2020,Germany,DEU,Sachsen-Anhalt,,,,831,,9,,,,['DEU.13_1']
DEU_JPGG,02-04-2020,Germany,DEU,Sachsen,,,,2370,,19,,,,['DEU.14_1']
DEU_JPGG,02-04-2020,Germany,DEU,Baden-Württemberg,,,,16653,,287,,,,['DEU.1_1']
DEU_JPGG,02-04-2020,Germany,DEU,Rheinland-Pfalz,,,,3439,,31,,,,['DEU.11_1']
DEU_JPGG,02-04-2020,Germany,DEU,Nordrhein-Westfalen,,,,17894,,202,,,,['DEU.10_1']
DEU_JPGG,02-04-2020,Germany,DEU,Thüringen,,,,961,,8,,,,['DEU.16_1']
DEU_JPGG,02-04-2020,Germany,DEU,Mecklenburg-Vorpommern,,,,446,,4,,,,['DEU.8_1']
DEU_JPGG,02-04-2020,Germany,DEU,Saarland,,,,1163,,13,,,,['DEU.12_1']
DEU_JPGG,02-04-2020,Germany,DEU,Hessen,,,,3969,,34,,,,['DEU.7_1']
DEU_JPGG,02-04-2020,Germany,DEU,Bremen,,,,332,,6,,,,['DEU.5_1']
DEU_JPGG,02-04-2020,Germany,DEU,Schleswig-Holstein,,,,1368,,13,,,,['DEU.15_1']
DEU_JPGG,02-04-2020,Germany,DEU,Brandenburg,,,,1116,,11,,,,['DEU.4_1']
DEU_JPGG,01-04-2020,Germany,DEU,Sachsen-Anhalt,,,,779,,7,,,,['DEU.13_1']
DEU_JPGG,01-04-2020,Germany,DEU,Sachsen,,,,2163,,13,,,,['DEU.14_1']
DEU_JPGG,01-04-2020,Germany,DEU,Baden-Württemberg,,,,14818,,212,,,,['DEU.1_1']
DEU_JPGG,01-04-2020,Germany,DEU,Saarland,,,,961,,11,,,,['DEU.12_1']
DEU_JPGG,01-04-2020,Germany,DEU,Nordrhein-Westfalen,,,,15969,,150,,,,['DEU.10_1']
DEU_JPGG,01-04-2020,Germany,DEU,Bayern,,,,16838,,209,,,,['DEU.2_1']
DEU_JPGG,01-04-2020,Germany,DEU,Schleswig-Holstein,,,,1175,,9,,,,['DEU.15_1']
DEU_JPGG,01-04-2020,Germany,DEU,Bremen,,,,315,,5,,,,['DEU.5_1']
DEU_JPGG,01-04-2020,Germany,DEU,Hamburg,,,,2290,,6,,,,['DEU.6_1']
DEU_JPGG,01-04-2020,Germany,DEU,Thüringen,,,,846,,6,,,,['DEU.16_1']
DEU_JPGG,01-04-2020,Germany,DEU,Niedersachsen,,,,4659,,46,,,,['DEU.9_1']
DEU_JPGG,01-04-2020,Germany,DEU,Berlin,,,,2777,,15,,,,['DEU.3_1']
DEU_JPGG,01-04-2020,Germany,DEU,Mecklenburg-Vorpommern,,,,417,,3,,,,['DEU.8_1']
DEU_JPGG,01-04-2020,Germany,DEU,Rheinland-Pfalz,,,,3141,,25,,,,['DEU.11_1']
DEU_JPGG,01-04-2020,Germany,DEU,Brandenburg,,,,1000,,8,,,,['DEU.4_1']
DEU_JPGG,01-04-2020,Germany,DEU,Hessen,,,,3423,,21,,,,['DEU.7_1']
DEU_JPGG,30-03-2020,Germany,DEU,Berlin,,,,2581,,13,,,,['DEU.3_1']
DEU_JPGG,30-03-2020,Germany,DEU,Mecklenburg-Vorpommern,,,,368,,1,,,,['DEU.8_1']
DEU_JPGG,30-03-2020,Germany,DEU,Sachsen-Anhalt,,,,689,,6,,,,['DEU.13_1']
DEU_JPGG,30-03-2020,Germany,DEU,Schleswig-Holstein,,,,1060,,7,,,,['DEU.15_1']
DEU_JPGG,30-03-2020,Germany,DEU,Rheinland-Pfalz,,,,2851,,20,,,,['DEU.11_1']
DEU_JPGG,30-03-2020,Germany,DEU,Niedersachsen,,,,4170,,32,,,,['DEU.9_1']
DEU_JPGG,30-03-2020,Germany,DEU,Brandenburg,,,,866,,4,,,,['DEU.4_1']
DEU_JPGG,30-03-2020,Germany,DEU,Bayern,,,,15160,,158,,,,['DEU.2_1']
DEU_JPGG,30-03-2020,Germany,DEU,Sachsen,,,,1976,,11,,,,['DEU.14_1']
DEU_JPGG,30-03-2020,Germany,DEU,Thüringen,,,,783,,5,,,,['DEU.16_1']
DEU_JPGG,30-03-2020,Germany,DEU,Nordrhein-Westfalen,,,,14566,,131,,,,['DEU.10_1']
DEU_JPGG,30-03-2020,Germany,DEU,Bremen,,,,298,,4,,,,['DEU.5_1']
DEU_JPGG,30-03-2020,Germany,DEU,Saarland,,,,800,,9,,,,['DEU.12_1']
DEU_JPGG,30-03-2020,Germany,DEU,Hamburg,,,,2214,,4,,,,['DEU.6_1']
DEU_JPGG,30-03-2020,Germany,DEU,Hessen,,,,3091,,17,,,,['DEU.7_1']
DEU_JPGG,30-03-2020,Germany,DEU,Baden-Württemberg,,,,13477,,175,,,,['DEU.1_1']
DEU_JPGG,29-03-2020,Germany,DEU,Baden-Württemberg,,,,12485,,138,,,,['DEU.1_1']
DEU_JPGG,29-03-2020,Germany,DEU,Berlin,,,,2462,,11,,,,['DEU.3_1']
DEU_JPGG,29-03-2020,Germany,DEU,Niedersachsen,,,,3911,,27,,,,['DEU.9_1']
DEU_JPGG,29-03-2020,Germany,DEU,Hessen,,,,3037,,13,,,,['DEU.7_1']
DEU_JPGG,29-03-2020,Germany,DEU,Rheinland-Pfalz,,,,2712,,18,,,,['DEU.11_1']
DEU_JPGG,29-03-2020,Germany,DEU,Bremen,,,,290,,2,,,,['DEU.5_1']
DEU_JPGG,29-03-2020,Germany,DEU,Nordrhein-Westfalen,,,,13997,,116,,,,['DEU.10_1']
DEU_JPGG,29-03-2020,Germany,DEU,Schleswig-Holstein,,,,1008,,6,,,,['DEU.15_1']
DEU_JPGG,29-03-2020,Germany,DEU,Saarland,,,,714,,9,,,,['DEU.12_1']
DEU_JPGG,29-03-2020,Germany,DEU,Mecklenburg-Vorpommern,,,,361,,1,,,,['DEU.8_1']
DEU_JPGG,29-03-2020,Germany,DEU,Sachsen,,,,1856,,9,,,,['DEU.14_1']
DEU_JPGG,29-03-2020,Germany,DEU,Bayern,,,,14021,,125,,,,['DEU.2_1']
DEU_JPGG,29-03-2020,Germany,DEU,Sachsen-Anhalt,,,,645,,2,,,,['DEU.13_1']
DEU_JPGG,29-03-2020,Germany,DEU,Brandenburg,,,,835,,4,,,,['DEU.4_1']
DEU_JPGG,29-03-2020,Germany,DEU,Hamburg,,,,2078,,4,,,,['DEU.6_1']
DEU_JPGG,29-03-2020,Germany,DEU,Thüringen,,,,752,,5,,,,['DEU.16_1']
DEU_JPGG,28-03-2020,Germany,DEU,Brandenburg,,,,766,,4,,,,['DEU.4_1']
DEU_JPGG,28-03-2020,Germany,DEU,Nordrhein-Westfalen,,,,13013,,107,,,,['DEU.10_1']
DEU_JPGG,28-03-2020,Germany,DEU,Bremen,,,,278,,2,,,,['DEU.5_1']
DEU_JPGG,28-03-2020,Germany,DEU,Hessen,,,,2844,,13,,,,['DEU.7_1']
DEU_JPGG,28-03-2020,Germany,DEU,Thüringen,,,,703,,5,,,,['DEU.16_1']
DEU_JPGG,28-03-2020,Germany,DEU,Schleswig-Holstein,,,,925,,4,,,,['DEU.15_1']
DEU_JPGG,28-03-2020,Germany,DEU,Niedersachsen,,,,3630,,23,,,,['DEU.9_1']
DEU_JPGG,28-03-2020,Germany,DEU,Hamburg,,,,1935,,4,,,,['DEU.6_1']
DEU_JPGG,28-03-2020,Germany,DEU,Sachsen,,,,1719,,9,,,,['DEU.14_1']
DEU_JPGG,28-03-2020,Germany,DEU,Mecklenburg-Vorpommern,,,,348,,1,,,,['DEU.8_1']
DEU_JPGG,28-03-2020,Germany,DEU,Sachsen-Anhalt,,,,604,,2,,,,['DEU.13_1']
DEU_JPGG,28-03-2020,Germany,DEU,Baden-Württemberg,,,,11510,,115,,,,['DEU.1_1']
DEU_JPGG,28-03-2020,Germany,DEU,Bayern,,,,12737,,106,,,,['DEU.2_1']
DEU_JPGG,28-03-2020,Germany,DEU,Rheinland-Pfalz,,,,2499,,13,,,,['DEU.11_1']
DEU_JPGG,28-03-2020,Germany,DEU,Berlin,,,,2337,,9,,,,['DEU.3_1']
DEU_JPGG,28-03-2020,Germany,DEU,Saarland,,,,669,,6,,,,['DEU.12_1']
DEU_JPGG,27-03-2020,Germany,DEU,Thüringen,,,,633,,4,,,,['DEU.16_1']
DEU_JPGG,27-03-2020,Germany,DEU,Mecklenburg-Vorpommern,,,,299,,0,,,,['DEU.8_1']
DEU_JPGG,27-03-2020,Germany,DEU,Hamburg,,,,1759,,2,,,,['DEU.6_1']
DEU_JPGG,27-03-2020,Germany,DEU,Bremen,,,,264,,2,,,,['DEU.5_1']
DEU_JPGG,27-03-2020,Germany,DEU,Hessen,,,,2470,,10,,,,['DEU.7_1']
DEU_JPGG,27-03-2020,Germany,DEU,Sachsen,,,,1507,,9,,,,['DEU.14_1']
DEU_JPGG,27-03-2020,Germany,DEU,Saarland,,,,614,,6,,,,['DEU.12_1']
DEU_JPGG,27-03-2020,Germany,DEU,Baden-Württemberg,,,,10272,,104,,,,['DEU.1_1']
DEU_JPGG,27-03-2020,Germany,DEU,Sachsen-Anhalt,,,,554,,2,,,,['DEU.13_1']
DEU_JPGG,27-03-2020,Germany,DEU,Rheinland-Pfalz,,,,2280,,12,,,,['DEU.11_1']
DEU_JPGG,27-03-2020,Germany,DEU,Schleswig-Holstein,,,,862,,4,,,,['DEU.15_1']
DEU_JPGG,27-03-2020,Germany,DEU,Brandenburg,,,,680,,3,,,,['DEU.4_1']
DEU_JPGG,27-03-2020,Germany,DEU,Niedersachsen,,,,3303,,19,,,,['DEU.9_1']
DEU_JPGG,27-03-2020,Germany,DEU,Berlin,,,,2152,,8,,,,['DEU.3_1']
DEU_JPGG,27-03-2020,Germany,DEU,Bayern,,,,11220,,72,,,,['DEU.2_1']
DEU_JPGG,27-03-2020,Germany,DEU,Nordrhein-Westfalen,,,,12002,,94,,,,['DEU.10_1']
DEU_JPGG,26-03-2020,Germany,DEU,Mecklenburg-Vorpommern,,,,246,,0,,,,['DEU.8_1']
DEU_JPGG,26-03-2020,Germany,DEU,Rheinland-Pfalz,,,,2063,,8,,,,['DEU.11_1']
DEU_JPGG,26-03-2020,Germany,DEU,Nordrhein-Westfalen,,,,10737,,74,,,,['DEU.10_1']
DEU_JPGG,26-03-2020,Germany,DEU,Bremen,,,,213,,1,,,,['DEU.5_1']
DEU_JPGG,26-03-2020,Germany,DEU,Thüringen,,,,558,,3,,,,['DEU.16_1']
DEU_JPGG,26-03-2020,Germany,DEU,Brandenburg,,,,569,,1,,,,['DEU.4_1']
DEU_JPGG,26-03-2020,Germany,DEU,Bayern,,,,9487,,51,,,,['DEU.2_1']
DEU_JPGG,26-03-2020,Germany,DEU,Hessen,,,,2195,,7,,,,['DEU.7_1']
DEU_JPGG,26-03-2020,Germany,DEU,Hamburg,,,,1614,,2,,,,['DEU.6_1']
DEU_JPGG,26-03-2020,Germany,DEU,Sachsen-Anhalt,,,,493,,2,,,,['DEU.13_1']
DEU_JPGG,26-03-2020,Germany,DEU,Sachsen,,,,1360,,5,,,,['DEU.14_1']
DEU_JPGG,26-03-2020,Germany,DEU,Saarland,,,,466,,3,,,,['DEU.12_1']
DEU_JPGG,26-03-2020,Germany,DEU,Berlin,,,,1937,,8,,,,['DEU.3_1']
DEU_JPGG,26-03-2020,Germany,DEU,Baden-Württemberg,,,,8580,,83,,,,['DEU.1_1']
DEU_JPGG,26-03-2020,Germany,DEU,Schleswig-Holstein,,,,705,,3,,,,['DEU.15_1']
DEU_JPGG,26-03-2020,Germany,DEU,Niedersachsen,,,,2715,,10,,,,['DEU.9_1']
DEU_JPGG,25-03-2020,Germany,DEU,Baden-Württemberg,,,,7285,,42,,,,['DEU.1_1']
DEU_JPGG,25-03-2020,Germany,DEU,Schleswig-Holstein,,,,611,,2,,,,['DEU.15_1']
DEU_JPGG,25-03-2020,Germany,DEU,Sachsen-Anhalt,,,,418,,1,,,,['DEU.13_1']
DEU_JPGG,25-03-2020,Germany,DEU,Brandenburg,,,,516,,1,,,,['DEU.4_1']
DEU_JPGG,25-03-2020,Germany,DEU,Niedersachsen,,,,2373,,8,,,,['DEU.9_1']
DEU_JPGG,25-03-2020,Germany,DEU,Rheinland-Pfalz,,,,1814,,5,,,,['DEU.11_1']
DEU_JPGG,25-03-2020,Germany,DEU,Sachsen,,,,1128,,3,,,,['DEU.14_1']
DEU_JPGG,25-03-2020,Germany,DEU,Hamburg,,,,1450,,1,,,,['DEU.6_1']
DEU_JPGG,25-03-2020,Germany,DEU,Berlin,,,,1425,,3,,,,['DEU.3_1']
DEU_JPGG,25-03-2020,Germany,DEU,Nordrhein-Westfalen,,,,9734,,66,,,,['DEU.10_1']
DEU_JPGG,25-03-2020,Germany,DEU,Mecklenburg-Vorpommern,,,,227,,0,,,,['DEU.8_1']
DEU_JPGG,25-03-2020,Germany,DEU,Bayern,,,,7921,,38,,,,['DEU.2_1']
DEU_JPGG,25-03-2020,Germany,DEU,Bremen,,,,203,,0,,,,['DEU.5_1']
DEU_JPGG,25-03-2020,Germany,DEU,Thüringen,,,,466,,1,,,,['DEU.16_1']
DEU_JPGG,25-03-2020,Germany,DEU,Hessen,,,,1941,,7,,,,['DEU.7_1']
DEU_JPGG,25-03-2020,Germany,DEU,Saarland,,,,437,,3,,,,['DEU.12_1']
DEU_JPGG,24-03-2020,Germany,DEU,Bayern,,,,6666,,32,,,,['DEU.2_1']
DEU_JPGG,24-03-2020,Germany,DEU,Schleswig-Holstein,,,,552,,2,,,,['DEU.15_1']
DEU_JPGG,24-03-2020,Germany,DEU,Sachsen-Anhalt,,,,365,,1,,,,['DEU.13_1']
DEU_JPGG,24-03-2020,Germany,DEU,Niedersachsen,,,,2110,,6,,,,['DEU.9_1']
DEU_JPGG,24-03-2020,Germany,DEU,Saarland,,,,402,,1,,,,['DEU.12_1']
DEU_JPGG,24-03-2020,Germany,DEU,Thüringen,,,,413,,1,,,,['DEU.16_1']
DEU_JPGG,24-03-2020,Germany,DEU,Hessen,,,,1682,,4,,,,['DEU.7_1']
DEU_JPGG,24-03-2020,Germany,DEU,Baden-Württemberg,,,,6476,,32,,,,['DEU.1_1']
DEU_JPGG,24-03-2020,Germany,DEU,Rheinland-Pfalz,,,,1640,,6,,,,['DEU.11_1']
DEU_JPGG,24-03-2020,Germany,DEU,Nordrhein-Westfalen,,,,8981,,53,,,,['DEU.10_1']
DEU_JPGG,24-03-2020,Germany,DEU,Berlin,,,,1425,,3,,,,['DEU.3_1']
DEU_JPGG,24-03-2020,Germany,DEU,Brandenburg,,,,466,,1,,,,['DEU.4_1']
DEU_JPGG,24-03-2020,Germany,DEU,Bremen,,,,186,,0,,,,['DEU.5_1']
DEU_JPGG,24-03-2020,Germany,DEU,Mecklenburg-Vorpommern,,,,219,,0,,,,['DEU.8_1']
DEU_JPGG,24-03-2020,Germany,DEU,Hamburg,,,,1237,,1,,,,['DEU.6_1']
DEU_JPGG,24-03-2020,Germany,DEU,Sachsen,,,,1036,,1,,,,['DEU.14_1']
DEU_JPGG,23-03-2020,Germany,DEU,Baden-Württemberg,,,,5333,,31,,,,['DEU.1_1']
DEU_JPGG,23-03-2020,Germany,DEU,Bayern,,,,5719,,27,,,,['DEU.2_1']
DEU_JPGG,23-03-2020,Germany,DEU,Schleswig-Holstein,,,,467,,1,,,,['DEU.15_1']
DEU_JPGG,23-03-2020,Germany,DEU,Sachsen,,,,865,,3,,,,['DEU.14_1']
DEU_JPGG,23-03-2020,Germany,DEU,Sachsen-Anhalt,,,,303,,1,,,,['DEU.13_1']
DEU_JPGG,23-03-2020,Germany,DEU,Rheinland-Pfalz,,,,1285,,4,,,,['DEU.11_1']
DEU_JPGG,23-03-2020,Germany,DEU,Hamburg,,,,989,,1,,,,['DEU.6_1']
DEU_JPGG,23-03-2020,Germany,DEU,Mecklenburg-Vorpommern,,,,201,,0,,,,['DEU.8_1']
DEU_JPGG,23-03-2020,Germany,DEU,Niedersachsen,,,,1779,,6,,,,['DEU.9_1']
DEU_JPGG,23-03-2020,Germany,DEU,Nordrhein-Westfalen,,,,8224,,40,,,,['DEU.10_1']
DEU_JPGG,23-03-2020,Germany,DEU,Hessen,,,,1352,,3,,,,['DEU.7_1']
DEU_JPGG,23-03-2020,Germany,DEU,Bremen,,,,175,,0,,,,['DEU.5_1']
DEU_JPGG,23-03-2020,Germany,DEU,Saarland,,,,383,,1,,,,['DEU.12_1']
DEU_JPGG,23-03-2020,Germany,DEU,Thüringen,,,,263,,1,,,,['DEU.16_1']
DEU_JPGG,23-03-2020,Germany,DEU,Brandenburg,,,,385,,1,,,,['DEU.4_1']
DEU_JPGG,23-03-2020,Germany,DEU,Berlin,,,,1219,,2,,,,['DEU.3_1']
DEU_JPGG,22-03-2020,Germany,DEU,Baden-Württemberg,,,,3818,,23,,,,['DEU.1_1']
DEU_JPGG,22-03-2020,Germany,DEU,Rheinland-Pfalz,,,,1149,,2,,,,['DEU.11_1']
DEU_JPGG,22-03-2020,Germany,DEU,Sachsen,,,,731,,1,,,,['DEU.14_1']
DEU_JPGG,22-03-2020,Germany,DEU,Hessen,,,,1267,,3,,,,['DEU.7_1']
DEU_JPGG,22-03-2020,Germany,DEU,Brandenburg,,,,353,,1,,,,['DEU.4_1']
DEU_JPGG,22-03-2020,Germany,DEU,Schleswig-Holstein,,,,436,,1,,,,['DEU.15_1']
DEU_JPGG,22-03-2020,Germany,DEU,Nordrhein-Westfalen,,,,7361,,32,,,,['DEU.10_1']
DEU_JPGG,22-03-2020,Germany,DEU,Sachsen-Anhalt,,,,269,,0,,,,['DEU.13_1']
DEU_JPGG,22-03-2020,Germany,DEU,Bremen,,,,168,,0,,,,['DEU.5_1']
DEU_JPGG,22-03-2020,Germany,DEU,Niedersachsen,,,,1586,,4,,,,['DEU.9_1']
DEU_JPGG,22-03-2020,Germany,DEU,Bayern,,,,4457,,22,,,,['DEU.2_1']
DEU_JPGG,22-03-2020,Germany,DEU,Hamburg,,,,887,,1,,,,['DEU.6_1']
DEU_JPGG,22-03-2020,Germany,DEU,Mecklenburg-Vorpommern,,,,182,,0,,,,['DEU.8_1']
DEU_JPGG,22-03-2020,Germany,DEU,Berlin,,,,1071,,1,,,,['DEU.3_1']
DEU_JPGG,22-03-2020,Germany,DEU,Thüringen,,,,237,,0,,,,['DEU.16_1']
DEU_JPGG,22-03-2020,Germany,DEU,Saarland,,,,301,,1,,,,['DEU.12_1']
DEU_JPGG,21-03-2020,Germany,DEU,Brandenburg,,,,315,,1,,,,['DEU.4_1']
DEU_JPGG,21-03-2020,Germany,DEU,Berlin,,,,1025,,1,,,,['DEU.3_1']
DEU_JPGG,21-03-2020,Germany,DEU,Rheinland-Pfalz,,,,1062,,2,,,,['DEU.11_1']
DEU_JPGG,21-03-2020,Germany,DEU,Baden-Württemberg,,,,3818,,23,,,,['DEU.1_1']
DEU_JPGG,21-03-2020,Germany,DEU,Nordrhein-Westfalen,,,,6740,,24,,,,['DEU.10_1']
DEU_JPGG,21-03-2020,Germany,DEU,Thüringen,,,,207,,0,,,,['DEU.16_1']
DEU_JPGG,21-03-2020,Germany,DEU,Bremen,,,,168,,0,,,,['DEU.5_1']
DEU_JPGG,21-03-2020,Germany,DEU,Sachsen,,,,650,,1,,,,['DEU.14_1']
DEU_JPGG,21-03-2020,Germany,DEU,Saarland,,,,217,,0,,,,['DEU.12_1']
DEU_JPGG,21-03-2020,Germany,DEU,Mecklenburg-Vorpommern,,,,182,,0,,,,['DEU.8_1']
DEU_JPGG,21-03-2020,Germany,DEU,Hamburg,,,,768,,1,,,,['DEU.6_1']
DEU_JPGG,21-03-2020,Germany,DEU,Niedersachsen,,,,1452,,4,,,,['DEU.9_1']
DEU_JPGG,21-03-2020,Germany,DEU,Sachsen-Anhalt,,,,253,,0,,,,['DEU.13_1']
DEU_JPGG,21-03-2020,Germany,DEU,Hessen,,,,1166,,2,,,,['DEU.7_1']
DEU_JPGG,21-03-2020,Germany,DEU,Schleswig-Holstein,,,,383,,1,,,,['DEU.15_1']
DEU_JPGG,21-03-2020,Germany,DEU,Bayern,,,,3695,,21,,,,['DEU.2_1']
DEU_JPGG,20-03-2020,Germany,DEU,Rheinland-Pfalz,,,,890,,1,,,,['DEU.11_1']
DEU_JPGG,20-03-2020,Germany,DEU,Niedersachsen,,,,1262,,0,,,,['DEU.9_1']
DEU_JPGG,20-03-2020,Germany,DEU,Schleswig-Holstein,,,,321,,1,,,,['DEU.15_1']
DEU_JPGG,20-03-2020,Germany,DEU,Saarland,,,,217,,0,,,,['DEU.12_1']
DEU_JPGG,20-03-2020,Germany,DEU,Thüringen,,,,161,,0,,,,['DEU.16_1']
DEU_JPGG,20-03-2020,Germany,DEU,Hamburg,,,,664,,1,,,,['DEU.6_1']
DEU_JPGG,20-03-2020,Germany,DEU,Nordrhein-Westfalen,,,,6257,,20,,,,['DEU.10_1']
DEU_JPGG,20-03-2020,Germany,DEU,Berlin,,,,868,,1,,,,['DEU.3_1']
DEU_JPGG,20-03-2020,Germany,DEU,Baden-Württemberg,,,,3665,,17,,,,['DEU.1_1']
DEU_JPGG,20-03-2020,Germany,DEU,Sachsen,,,,562,,1,,,,['DEU.14_1']
DEU_JPGG,20-03-2020,Germany,DEU,Hessen,,,,962,,2,,,,['DEU.7_1']
DEU_JPGG,20-03-2020,Germany,DEU,Brandenburg,,,,265,,0,,,,['DEU.4_1']
DEU_JPGG,20-03-2020,Germany,DEU,Bremen,,,,127,,0,,,,['DEU.5_1']
DEU_JPGG,20-03-2020,Germany,DEU,Sachsen-Anhalt,,,,217,,0,,,,['DEU.13_1']
DEU_JPGG,20-03-2020,Germany,DEU,Mecklenburg-Vorpommern,,,,167,,0,,,,['DEU.8_1']
DEU_JPGG,20-03-2020,Germany,DEU,Bayern,,,,3107,,20,,,,['DEU.2_1']
DEU_JPGG,19-03-2020,Germany,DEU,Hessen,,,,740,,1,,,,['DEU.7_1']
DEU_JPGG,19-03-2020,Germany,DEU,Thüringen,,,,108,,0,,,,['DEU.16_1']
DEU_JPGG,19-03-2020,Germany,DEU,Nordrhein-Westfalen,,,,4971,,17,,,,['DEU.10_1']
DEU_JPGG,19-03-2020,Germany,DEU,Baden-Württemberg,,,,2748,,11,,,,['DEU.1_1']
DEU_JPGG,19-03-2020,Germany,DEU,Rheinland-Pfalz,,,,749,,0,,,,['DEU.11_1']
DEU_JPGG,19-03-2020,Germany,DEU,Niedersachsen,,,,981,,0,,,,['DEU.9_1']
DEU_JPGG,19-03-2020,Germany,DEU,Bayern,,,,2282,,13,,,,['DEU.2_1']
DEU_JPGG,19-03-2020,Germany,DEU,Sachsen-Anhalt,,,,152,,0,,,,['DEU.13_1']
DEU_JPGG,19-03-2020,Germany,DEU,Sachsen,,,,389,,0,,,,['DEU.14_1']
DEU_JPGG,19-03-2020,Germany,DEU,Brandenburg,,,,204,,0,,,,['DEU.4_1']
DEU_JPGG,19-03-2020,Germany,DEU,Bremen,,,,119,,0,,,,['DEU.5_1']
DEU_JPGG,19-03-2020,Germany,DEU,Schleswig-Holstein,,,,253,,0,,,,['DEU.15_1']
DEU_JPGG,19-03-2020,Germany,DEU,Mecklenburg-Vorpommern,,,,133,,0,,,,['DEU.8_1']
DEU_JPGG,19-03-2020,Germany,DEU,Berlin,,,,688,,0,,,,['DEU.3_1']
DEU_JPGG,19-03-2020,Germany,DEU,Hamburg,,,,506,,1,,,,['DEU.6_1']
DEU_JPGG,19-03-2020,Germany,DEU,Saarland,,,,217,,0,,,,['DEU.12_1']
DEU_JPGG,18-03-2020,Germany,DEU,Mecklenburg-Vorpommern,,,,100,,0,,,,['DEU.8_1']
DEU_JPGG,18-03-2020,Germany,DEU,Sachsen-Anhalt,,,,133,,0,,,,['DEU.13_1']
DEU_JPGG,18-03-2020,Germany,DEU,Bayern,,,,1798,,7,,,,['DEU.2_1']
DEU_JPGG,18-03-2020,Germany,DEU,Berlin,,,,519,,0,,,,['DEU.3_1']
DEU_JPGG,18-03-2020,Germany,DEU,Sachsen,,,,296,,0,,,,['DEU.14_1']
DEU_JPGG,18-03-2020,Germany,DEU,Hessen,,,,547,,1,,,,['DEU.7_1']
DEU_JPGG,18-03-2020,Germany,DEU,Baden-Württemberg,,,,2184,,8,,,,['DEU.1_1']
DEU_JPGG,18-03-2020,Germany,DEU,Brandenburg,,,,171,,1,,,,['DEU.4_1']
DEU_JPGG,18-03-2020,Germany,DEU,Rheinland-Pfalz,,,,603,,0,,,,['DEU.11_1']
DEU_JPGG,18-03-2020,Germany,DEU,Hamburg,,,,414,,1,,,,['DEU.6_1']
DEU_JPGG,18-03-2020,Germany,DEU,Schleswig-Holstein,,,,196,,1,,,,['DEU.15_1']
DEU_JPGG,18-03-2020,Germany,DEU,Nordrhein-Westfalen,,,,4268,,13,,,,['DEU.10_1']
DEU_JPGG,18-03-2020,Germany,DEU,Thüringen,,,,87,,0,,,,['DEU.16_1']
DEU_JPGG,18-03-2020,Germany,DEU,Bremen,,,,66,,3,,,,['DEU.5_1']
DEU_JPGG,18-03-2020,Germany,DEU,Niedersachsen,,,,740,,1,,,,['DEU.9_1']
DEU_JPGG,18-03-2020,Germany,DEU,Saarland,,,,101,,0,,,,['DEU.12_1']
DEU_JPGG,17-03-2020,Germany,DEU,Schleswig-Holstein,,,,145,,1,,,,['DEU.15_1']
DEU_JPGG,17-03-2020,Germany,DEU,Saarland,,,,101,,0,,,,['DEU.12_1']
DEU_JPGG,17-03-2020,Germany,DEU,Berlin,,,,383,,0,,,,['DEU.3_1']
DEU_JPGG,17-03-2020,Germany,DEU,Sachsen-Anhalt,,,,93,,0,,,,['DEU.13_1']
DEU_JPGG,17-03-2020,Germany,DEU,Bremen,,,,66,,0,,,,['DEU.5_1']
DEU_JPGG,17-03-2020,Germany,DEU,Mecklenburg-Vorpommern,,,,69,,0,,,,['DEU.8_1']
DEU_JPGG,17-03-2020,Germany,DEU,Bayern,,,,1352,,5,,,,['DEU.2_1']
DEU_JPGG,17-03-2020,Germany,DEU,Thüringen,,,,71,,0,,,,['DEU.16_1']
DEU_JPGG,17-03-2020,Germany,DEU,Brandenburg,,,,114,,0,,,,['DEU.4_1']
DEU_JPGG,17-03-2020,Germany,DEU,Hessen,,,,381,,0,,,,['DEU.7_1']
DEU_JPGG,17-03-2020,Germany,DEU,Rheinland-Pfalz,,,,435,,0,,,,['DEU.11_1']
DEU_JPGG,17-03-2020,Germany,DEU,Sachsen,,,,247,,0,,,,['DEU.14_1']
DEU_JPGG,17-03-2020,Germany,DEU,Hamburg,,,,312,,0,,,,['DEU.6_1']
DEU_JPGG,17-03-2020,Germany,DEU,Niedersachsen,,,,563,,0,,,,['DEU.9_1']
DEU_JPGG,17-03-2020,Germany,DEU,Nordrhein-Westfalen,,,,3375,,12,,,,['DEU.10_1']
DEU_JPGG,17-03-2020,Germany,DEU,Baden-Württemberg,,,,1641,,6,,,,['DEU.1_1']
DEU_JPGG,16-03-2020,Germany,DEU,Baden-Württemberg,,,,1105,,0,,,,['DEU.1_1']
DEU_JPGG,16-03-2020,Germany,DEU,Berlin,,,,300,,0,,,,['DEU.3_1']
DEU_JPGG,16-03-2020,Germany,DEU,Nordrhein-Westfalen,,,,1541,,0,,,,['DEU.10_1']
DEU_JPGG,16-03-2020,Germany,DEU,Brandenburg,,,,94,,0,,,,['DEU.4_1']
DEU_JPGG,16-03-2020,Germany,DEU,Niedersachsen,,,,391,,0,,,,['DEU.9_1']
DEU_JPGG,16-03-2020,Germany,DEU,Mecklenburg-Vorpommern,,,,51,,0,,,,['DEU.8_1']
DEU_JPGG,16-03-2020,Germany,DEU,Bremen,,,,56,,0,,,,['DEU.5_1']
DEU_JPGG,16-03-2020,Germany,DEU,Hamburg,,,,260,,0,,,,['DEU.6_1']
DEU_JPGG,16-03-2020,Germany,DEU,Bayern,,,,1067,,0,,,,['DEU.2_1']
DEU_JPGG,16-03-2020,Germany,DEU,Schleswig-Holstein,,,,123,,0,,,,['DEU.15_1']
DEU_JPGG,16-03-2020,Germany,DEU,Sachsen-Anhalt,,,,77,,0,,,,['DEU.13_1']
DEU_JPGG,16-03-2020,Germany,DEU,Hessen,,,,342,,0,,,,['DEU.7_1']
DEU_JPGG,16-03-2020,Germany,DEU,Sachsen,,,,140,,0,,,,['DEU.14_1']
DEU_JPGG,16-03-2020,Germany,DEU,Rheinland-Pfalz,,,,325,,0,,,,['DEU.11_1']
DEU_JPGG,16-03-2020,Germany,DEU,Thüringen,,,,55,,0,,,,['DEU.16_1']
DEU_JPGG,16-03-2020,Germany,DEU,Saarland,,,,85,,0,,,,['DEU.12_1']
DEU_JPGG,15-03-2020,Germany,DEU,Hessen,,,,286,,0,,,,['DEU.7_1']
DEU_JPGG,15-03-2020,Germany,DEU,Thüringen,,,,51,,0,,,,['DEU.16_1']
DEU_JPGG,15-03-2020,Germany,DEU,Rheinland-Pfalz,,,,168,,0,,,,['DEU.11_1']
DEU_JPGG,15-03-2020,Germany,DEU,Sachsen-Anhalt,,,,47,,0,,,,['DEU.13_1']
DEU_JPGG,15-03-2020,Germany,DEU,Schleswig-Holstein,,,,103,,0,,,,['DEU.15_1']
DEU_JPGG,15-03-2020,Germany,DEU,Berlin,,,,265,,0,,,,['DEU.3_1']
DEU_JPGG,15-03-2020,Germany,DEU,Bremen,,,,53,,0,,,,['DEU.5_1']
DEU_JPGG,15-03-2020,Germany,DEU,Saarland,,,,32,,0,,,,['DEU.12_1']
DEU_JPGG,15-03-2020,Germany,DEU,Baden-Württemberg,,,,827,,0,,,,['DEU.1_1']
DEU_JPGG,15-03-2020,Germany,DEU,Mecklenburg-Vorpommern,,,,50,,0,,,,['DEU.8_1']
DEU_JPGG,15-03-2020,Germany,DEU,Nordrhein-Westfalen,,,,1407,,0,,,,['DEU.10_1']
DEU_JPGG,15-03-2020,Germany,DEU,Niedersachsen,,,,287,,0,,,,['DEU.9_1']
DEU_JPGG,15-03-2020,Germany,DEU,Sachsen,,,,130,,0,,,,['DEU.14_1']
DEU_JPGG,15-03-2020,Germany,DEU,Brandenburg,,,,84,,0,,,,['DEU.4_1']
DEU_JPGG,15-03-2020,Germany,DEU,Bayern,,,,886,,0,,,,['DEU.2_1']
DEU_JPGG,15-03-2020,Germany,DEU,Hamburg,,,,162,,0,,,,['DEU.6_1']
DEU_JPGG,14-03-2020,Germany,DEU,Sachsen-Anhalt,,,,45,,0,,,,['DEU.13_1']
DEU_JPGG,14-03-2020,Germany,DEU,Brandenburg,,,,61,,0,,,,['DEU.4_1']
DEU_JPGG,14-03-2020,Germany,DEU,Baden-Württemberg,,,,569,,0,,,,['DEU.1_1']
DEU_JPGG,14-03-2020,Germany,DEU,Saarland,,,,40,,0,,,,['DEU.12_1']
DEU_JPGG,14-03-2020,Germany,DEU,Nordrhein-Westfalen,,,,1154,,0,,,,['DEU.10_1']
DEU_JPGG,14-03-2020,Germany,DEU,Niedersachsen,,,,253,,0,,,,['DEU.9_1']
DEU_JPGG,14-03-2020,Germany,DEU,Bremen,,,,50,,0,,,,['DEU.5_1']
DEU_JPGG,14-03-2020,Germany,DEU,Berlin,,,,216,,0,,,,['DEU.3_1']
DEU_JPGG,14-03-2020,Germany,DEU,Sachsen,,,,93,,0,,,,['DEU.14_1']
DEU_JPGG,14-03-2020,Germany,DEU,Hessen,,,,203,,0,,,,['DEU.7_1']
DEU_JPGG,14-03-2020,Germany,DEU,Thüringen,,,,46,,0,,,,['DEU.16_1']
DEU_JPGG,14-03-2020,Germany,DEU,Schleswig-Holstein,,,,60,,0,,,,['DEU.15_1']
DEU_JPGG,14-03-2020,Germany,DEU,Hamburg,,,,158,,0,,,,['DEU.6_1']
DEU_JPGG,14-03-2020,Germany,DEU,Rheinland-Pfalz,,,,121,,0,,,,['DEU.11_1']
DEU_JPGG,14-03-2020,Germany,DEU,Mecklenburg-Vorpommern,,,,45,,0,,,,['DEU.8_1']
DEU_JPGG,14-03-2020,Germany,DEU,Bayern,,,,681,,0,,,,['DEU.2_1']
DEU_JPGG,13-03-2020,Germany,DEU,Berlin,,,,174,,0,,,,['DEU.3_1']
DEU_JPGG,13-03-2020,Germany,DEU,Saarland,,,,40,,0,,,,['DEU.12_1']
DEU_JPGG,13-03-2020,Germany,DEU,Sachsen-Anhalt,,,,42,,0,,,,['DEU.13_1']
DEU_JPGG,13-03-2020,Germany,DEU,Niedersachsen,,,,230,,0,,,,['DEU.9_1']
DEU_JPGG,13-03-2020,Germany,DEU,Sachsen,,,,83,,0,,,,['DEU.14_1']
DEU_JPGG,13-03-2020,Germany,DEU,Brandenburg,,,,44,,0,,,,['DEU.4_1']
DEU_JPGG,13-03-2020,Germany,DEU,Hessen,,,,148,,0,,,,['DEU.7_1']
DEU_JPGG,13-03-2020,Germany,DEU,Nordrhein-Westfalen,,,,936,,0,,,,['DEU.10_1']
DEU_JPGG,13-03-2020,Germany,DEU,Hamburg,,,,99,,0,,,,['DEU.6_1']
DEU_JPGG,13-03-2020,Germany,DEU,Bayern,,,,558,,0,,,,['DEU.2_1']
DEU_JPGG,13-03-2020,Germany,DEU,Rheinland-Pfalz,,,,102,,0,,,,['DEU.11_1']
DEU_JPGG,13-03-2020,Germany,DEU,Schleswig-Holstein,,,,48,,0,,,,['DEU.15_1']
DEU_JPGG,13-03-2020,Germany,DEU,Thüringen,,,,29,,0,,,,['DEU.16_1']
DEU_JPGG,13-03-2020,Germany,DEU,Baden-Württemberg,,,,454,,0,,,,['DEU.1_1']
DEU_JPGG,13-03-2020,Germany,DEU,Mecklenburg-Vorpommern,,,,33,,0,,,,['DEU.8_1']
DEU_JPGG,13-03-2020,Germany,DEU,Bremen,,,,42,,0,,,,['DEU.5_1']
DEU_JPGG,12-03-2020,Germany,DEU,Niedersachsen,,,,129,,0,,,,['DEU.9_1']
DEU_JPGG,12-03-2020,Germany,DEU,Brandenburg,,,,30,,0,,,,['DEU.4_1']
DEU_JPGG,12-03-2020,Germany,DEU,Hessen,,,,99,,0,,,,['DEU.7_1']
DEU_JPGG,12-03-2020,Germany,DEU,Rheinland-Pfalz,,,,52,,0,,,,['DEU.11_1']
DEU_JPGG,12-03-2020,Germany,DEU,Sachsen-Anhalt,,,,27,,0,,,,['DEU.13_1']
DEU_JPGG,12-03-2020,Germany,DEU,Berlin,,,,137,,0,,,,['DEU.3_1']
DEU_JPGG,12-03-2020,Germany,DEU,Sachsen,,,,45,,0,,,,['DEU.14_1']
DEU_JPGG,12-03-2020,Germany,DEU,Thüringen,,,,14,,0,,,,['DEU.16_1']
DEU_JPGG,12-03-2020,Germany,DEU,Bremen,,,,38,,0,,,,['DEU.5_1']
DEU_JPGG,12-03-2020,Germany,DEU,Mecklenburg-Vorpommern,,,,23,,0,,,,['DEU.8_1']
DEU_JPGG,12-03-2020,Germany,DEU,Saarland,,,,14,,0,,,,['DEU.12_1']
DEU_JPGG,12-03-2020,Germany,DEU,Bayern,,,,500,,0,,,,['DEU.2_1']
DEU_JPGG,12-03-2020,Germany,DEU,Nordrhein-Westfalen,,,,688,,0,,,,['DEU.10_1']
DEU_JPGG,12-03-2020,Germany,DEU,Schleswig-Holstein,,,,31,,0,,,,['DEU.15_1']
DEU_JPGG,12-03-2020,Germany,DEU,Baden-Württemberg,,,,454,,0,,,,['DEU.1_1']
DEU_JPGG,12-03-2020,Germany,DEU,Hamburg,,,,88,,0,,,,['DEU.6_1']
DEU_JPGG,11-03-2020,Germany,DEU,Baden-Württemberg,,,,277,,0,,,,['DEU.1_1']
DEU_JPGG,11-03-2020,Germany,DEU,Mecklenburg-Vorpommern,,,,17,,0,,,,['DEU.8_1']
DEU_JPGG,11-03-2020,Germany,DEU,Saarland,,,,14,,0,,,,['DEU.12_1']
DEU_JPGG,11-03-2020,Germany,DEU,Bremen,,,,21,,0,,,,['DEU.5_1']
DEU_JPGG,11-03-2020,Germany,DEU,Bayern,,,,366,,0,,,,['DEU.2_1']
DEU_JPGG,11-03-2020,Germany,DEU,Brandenburg,,,,24,,0,,,,['DEU.4_1']
DEU_JPGG,11-03-2020,Germany,DEU,Nordrhein-Westfalen,,,,484,,0,,,,['DEU.10_1']
DEU_JPGG,11-03-2020,Germany,DEU,Hessen,,,,48,,0,,,,['DEU.7_1']
DEU_JPGG,11-03-2020,Germany,DEU,Schleswig-Holstein,,,,27,,0,,,,['DEU.15_1']
DEU_JPGG,11-03-2020,Germany,DEU,Niedersachsen,,,,75,,0,,,,['DEU.9_1']
DEU_JPGG,11-03-2020,Germany,DEU,Berlin,,,,90,,0,,,,['DEU.3_1']
DEU_JPGG,11-03-2020,Germany,DEU,Thüringen,,,,10,,0,,,,['DEU.16_1']
DEU_JPGG,11-03-2020,Germany,DEU,Sachsen,,,,26,,0,,,,['DEU.14_1']
DEU_JPGG,11-03-2020,Germany,DEU,Sachsen-Anhalt,,,,15,,0,,,,['DEU.13_1']
DEU_JPGG,11-03-2020,Germany,DEU,Hamburg,,,,48,,0,,,,['DEU.6_1']
DEU_JPGG,11-03-2020,Germany,DEU,Rheinland-Pfalz,,,,25,,0,,,,['DEU.11_1']
DEU_JPGG,10-03-2020,Germany,DEU,Rheinland-Pfalz,,,,25,,0,,,,['DEU.11_1']
DEU_JPGG,10-03-2020,Germany,DEU,Hamburg,,,,29,,0,,,,['DEU.6_1']
DEU_JPGG,10-03-2020,Germany,DEU,Thüringen,,,,4,,0,,,,['DEU.16_1']
DEU_JPGG,10-03-2020,Germany,DEU,Baden-Württemberg,,,,237,,0,,,,['DEU.1_1']
DEU_JPGG,10-03-2020,Germany,DEU,Schleswig-Holstein,,,,9,,0,,,,['DEU.15_1']
DEU_JPGG,10-03-2020,Germany,DEU,Bremen,,,,4,,0,,,,['DEU.5_1']
DEU_JPGG,10-03-2020,Germany,DEU,Niedersachsen,,,,49,,0,,,,['DEU.9_1']
DEU_JPGG,10-03-2020,Germany,DEU,Sachsen,,,,22,,0,,,,['DEU.14_1']
DEU_JPGG,10-03-2020,Germany,DEU,Berlin,,,,48,,0,,,,['DEU.3_1']
DEU_JPGG,10-03-2020,Germany,DEU,Nordrhein-Westfalen,,,,484,,0,,,,['DEU.10_1']
DEU_JPGG,10-03-2020,Germany,DEU,Saarland,,,,7,,0,,,,['DEU.12_1']
DEU_JPGG,10-03-2020,Germany,DEU,Brandenburg,,,,9,,0,,,,['DEU.4_1']
DEU_JPGG,10-03-2020,Germany,DEU,Sachsen-Anhalt,,,,7,,0,,,,['DEU.13_1']
DEU_JPGG,10-03-2020,Germany,DEU,Hessen,,,,35,,0,,,,['DEU.7_1']
DEU_JPGG,10-03-2020,Germany,DEU,Bayern,,,,314,,0,,,,['DEU.2_1']
DEU_JPGG,10-03-2020,Germany,DEU,Mecklenburg-Vorpommern,,,,13,,0,,,,['DEU.8_1']
