source,date,country,countrycode,adm_area_1,adm_area_2,adm_area_3,tested,confirmed,recovered,dead,hospitalised,hospitalised_icu,quarantined
ITA_PCDM,24-02-2020,Italy,ITA,Lazio,,,124,2,1,,1,1,
ITA_PCDM,24-02-2020,Italy,ITA,Friuli V.G.,,,58,,,,,,
ITA_PCDM,24-02-2020,Italy,ITA,Emilia Romagna,,,148,8,,,10,2,6
ITA_PCDM,24-02-2020,Italy,ITA,Campania,,,10,,,,,,
ITA_PCDM,24-02-2020,Italy,ITA,Abruzzo,,,5,,,,,,
ITA_PCDM,24-02-2020,Italy,ITA,Calabria,,,1,,,,,,
ITA_PCDM,24-02-2020,Italy,ITA,Bolzano,,,1,,,,,,
ITA_PCDM,24-02-2020,Italy,ITA,Valle d'Aosta,,,7,,,,,,
ITA_PCDM,24-02-2020,Italy,ITA,Veneto,,,2200,21,,1,12,4,16
ITA_PCDM,24-02-2020,Italy,ITA,Toscana,,,140,,,,,,
ITA_PCDM,24-02-2020,Italy,ITA,Trento,,,3,,,,,,
ITA_PCDM,24-02-2020,Italy,ITA,Sicilia,,,5,,,,,,
ITA_PCDM,24-02-2020,Italy,ITA,Lombardia,,,1463,96,,6,76,19,71
ITA_PCDM,24-02-2020,Italy,ITA,Umbria,,,,,,,,,
ITA_PCDM,24-02-2020,Italy,ITA,Sardegna,,,1,,,,,,
ITA_PCDM,24-02-2020,Italy,ITA,Liguria,,,1,,,,,,
ITA_PCDM,24-02-2020,Italy,ITA,Molise,,,,,,,,,
ITA_PCDM,24-02-2020,Italy,ITA,Marche,,,16,,,,,,
ITA_PCDM,24-02-2020,Italy,ITA,Basilicata,,,,,,,,,
ITA_PCDM,24-02-2020,Italy,ITA,Piemonte,,,141,1,,,2,,1
ITA_PCDM,24-02-2020,Italy,ITA,Puglia,,,,,,,,,
ITA_PCDM,25-02-2020,Italy,ITA,Valle d'Aosta,,,7,,,,,,
ITA_PCDM,25-02-2020,Italy,ITA,Abruzzo,,,5,,,,,,
ITA_PCDM,25-02-2020,Italy,ITA,Campania,,,10,,,,,,
ITA_PCDM,25-02-2020,Italy,ITA,Basilicata,,,,,,,,,
ITA_PCDM,25-02-2020,Italy,ITA,Bolzano,,,1,,,,1,,
ITA_PCDM,25-02-2020,Italy,ITA,Calabria,,,2,,,,,,
ITA_PCDM,25-02-2020,Italy,ITA,Emilia Romagna,,,391,11,,,15,2,9
ITA_PCDM,25-02-2020,Italy,ITA,Friuli V.G.,,,89,,,,,,
ITA_PCDM,25-02-2020,Italy,ITA,Lazio,,,124,2,1,,1,1,
ITA_PCDM,25-02-2020,Italy,ITA,Liguria,,,39,,,,1,,
ITA_PCDM,25-02-2020,Italy,ITA,Lombardia,,,3700,161,,9,79,25,127
ITA_PCDM,25-02-2020,Italy,ITA,Marche,,,21,,,,,,
ITA_PCDM,25-02-2020,Italy,ITA,Molise,,,,,,,,,
ITA_PCDM,25-02-2020,Italy,ITA,Piemonte,,,141,1,,,2,,1
ITA_PCDM,25-02-2020,Italy,ITA,Puglia,,,,,,,,,
ITA_PCDM,25-02-2020,Italy,ITA,Sardegna,,,1,,,,,,
ITA_PCDM,25-02-2020,Italy,ITA,Sicilia,,,5,2,,,1,,2
ITA_PCDM,25-02-2020,Italy,ITA,Toscana,,,296,,,,2,,
ITA_PCDM,25-02-2020,Italy,ITA,Trento,,,3,,,,,,
ITA_PCDM,25-02-2020,Italy,ITA,Umbria,,,8,,,,,,
ITA_PCDM,25-02-2020,Italy,ITA,Veneto,,,3780,31,,1,12,7,23
ITA_PCDM,26-02-2020,Italy,ITA,Bolzano,,,1,,,,1,,
ITA_PCDM,26-02-2020,Italy,ITA,Calabria,,,3,,,,,,
ITA_PCDM,26-02-2020,Italy,ITA,Campania,,,10,,,,,,
ITA_PCDM,26-02-2020,Italy,ITA,Emilia Romagna,,,577,27,,1,20,3,23
ITA_PCDM,26-02-2020,Italy,ITA,Lazio,,,124,3,3,,,,
ITA_PCDM,26-02-2020,Italy,ITA,Liguria,,,66,5,,,6,,5
ITA_PCDM,26-02-2020,Italy,ITA,Lombardia,,,3208,179,,9,79,25,145
ITA_PCDM,26-02-2020,Italy,ITA,Marche,,,28,,,,1,,
ITA_PCDM,26-02-2020,Italy,ITA,Molise,,,,,,,,,
ITA_PCDM,26-02-2020,Italy,ITA,Piemonte,,,156,1,,,2,,1
ITA_PCDM,26-02-2020,Italy,ITA,Puglia,,,,,,,,,
ITA_PCDM,26-02-2020,Italy,ITA,Sardegna,,,1,,,,,,
ITA_PCDM,26-02-2020,Italy,ITA,Sicilia,,,5,2,,,1,,2
ITA_PCDM,26-02-2020,Italy,ITA,Toscana,,,363,,,,2,,
ITA_PCDM,26-02-2020,Italy,ITA,Trento,,,3,,,,,,
ITA_PCDM,26-02-2020,Italy,ITA,Umbria,,,8,,,,,,
ITA_PCDM,26-02-2020,Italy,ITA,Valle d'Aosta,,,7,,,,,,
ITA_PCDM,26-02-2020,Italy,ITA,Veneto,,,4900,55,,2,16,8,45
ITA_PCDM,26-02-2020,Italy,ITA,Basilicata,,,,,,,,,
ITA_PCDM,26-02-2020,Italy,ITA,Abruzzo,,,13,,,,,,
ITA_PCDM,26-02-2020,Italy,ITA,Friuli V.G.,,,114,,,,,,
ITA_PCDM,27-02-2020,Italy,ITA,Valle d'Aosta,,,9,,,,,,
ITA_PCDM,27-02-2020,Italy,ITA,Abruzzo,,,33,,,,1,,
ITA_PCDM,27-02-2020,Italy,ITA,Basilicata,,,,,,,,,
ITA_PCDM,27-02-2020,Italy,ITA,Bolzano,,,2,,,,1,,
ITA_PCDM,27-02-2020,Italy,ITA,Calabria,,,14,,,,,,
ITA_PCDM,27-02-2020,Italy,ITA,Campania,,,10,1,,,2,,1
ITA_PCDM,27-02-2020,Italy,ITA,Emilia Romagna,,,1033,61,,1,36,6,54
ITA_PCDM,27-02-2020,Italy,ITA,Friuli V.G.,,,141,,,,,,
ITA_PCDM,27-02-2020,Italy,ITA,Lazio,,,552,3,3,,,,
ITA_PCDM,27-02-2020,Italy,ITA,Liguria,,,78,10,,,9,,10
ITA_PCDM,27-02-2020,Italy,ITA,Lombardia,,,3320,231,40,14,172,41,136
ITA_PCDM,27-02-2020,Italy,ITA,Marche,,,46,1,,,2,1,
ITA_PCDM,27-02-2020,Italy,ITA,Molise,,,,,,,,,
ITA_PCDM,27-02-2020,Italy,ITA,Piemonte,,,156,,,,2,,
ITA_PCDM,27-02-2020,Italy,ITA,Puglia,,,,,,,1,,
ITA_PCDM,27-02-2020,Italy,ITA,Sicilia,,,5,3,2,,1,,1
ITA_PCDM,27-02-2020,Italy,ITA,Toscana,,,410,,,,2,,
ITA_PCDM,27-02-2020,Italy,ITA,Trento,,,32,,,,,,
ITA_PCDM,27-02-2020,Italy,ITA,Umbria,,,8,,,,,,
ITA_PCDM,27-02-2020,Italy,ITA,Veneto,,,6164,92,,2,19,8,82
ITA_PCDM,27-02-2020,Italy,ITA,Sardegna,,,1,,,,,,
ITA_PCDM,28-02-2020,Italy,ITA,Sicilia,,,5,3,2,,1,,1
ITA_PCDM,28-02-2020,Italy,ITA,Emilia Romagna,,,1277,89,,2,56,6,81
ITA_PCDM,28-02-2020,Italy,ITA,Friuli V.G.,,,169,,,,,,
ITA_PCDM,28-02-2020,Italy,ITA,Lazio,,,611,3,3,,,,
ITA_PCDM,28-02-2020,Italy,ITA,Liguria,,,112,10,,,9,,10
ITA_PCDM,28-02-2020,Italy,ITA,Lombardia,,,4835,296,40,17,235,47,192
ITA_PCDM,28-02-2020,Italy,ITA,Molise,,,,,,,,,
ITA_PCDM,28-02-2020,Italy,ITA,Piemonte,,,227,4,,,7,,4
ITA_PCDM,28-02-2020,Italy,ITA,Puglia,,,242,2,,,1,,2
ITA_PCDM,28-02-2020,Italy,ITA,Sardegna,,,1,,,,,,
ITA_PCDM,28-02-2020,Italy,ITA,Campania,,,213,2,,,2,,2
ITA_PCDM,28-02-2020,Italy,ITA,Toscana,,,437,3,1,,5,,2
ITA_PCDM,28-02-2020,Italy,ITA,Trento,,,32,,,,,,
ITA_PCDM,28-02-2020,Italy,ITA,Umbria,,,8,,,,,,
ITA_PCDM,28-02-2020,Italy,ITA,Valle d'Aosta,,,9,,,,,,
ITA_PCDM,28-02-2020,Italy,ITA,Veneto,,,7414,127,,2,24,9,116
ITA_PCDM,28-02-2020,Italy,ITA,Marche,,,47,3,,,3,2,1
ITA_PCDM,28-02-2020,Italy,ITA,Bolzano,,,2,,,,1,,
ITA_PCDM,28-02-2020,Italy,ITA,Basilicata,,,,,,,,,
ITA_PCDM,28-02-2020,Italy,ITA,Abruzzo,,,33,,,,1,,
ITA_PCDM,28-02-2020,Italy,ITA,Calabria,,,21,1,,,,,1
ITA_PCDM,29-02-2020,Italy,ITA,Friuli V.G.,,,189,,,,,,
ITA_PCDM,29-02-2020,Italy,ITA,Lazio,,,679,3,3,,3,,
ITA_PCDM,29-02-2020,Italy,ITA,Liguria,,,121,38,4,,4,1,33
ITA_PCDM,29-02-2020,Italy,ITA,Lombardia,,,5723,359,40,23,256,80,216
ITA_PCDM,29-02-2020,Italy,ITA,Marche,,,68,5,,,6,2,3
ITA_PCDM,29-02-2020,Italy,ITA,Molise,,,,,,,,,
ITA_PCDM,29-02-2020,Italy,ITA,Piemonte,,,308,4,,,7,,4
ITA_PCDM,29-02-2020,Italy,ITA,Puglia,,,252,2,,,1,,2
ITA_PCDM,29-02-2020,Italy,ITA,Sardegna,,,1,,,,,,
ITA_PCDM,29-02-2020,Italy,ITA,Sicilia,,,6,3,2,,1,,1
ITA_PCDM,29-02-2020,Italy,ITA,Toscana,,,531,4,1,,7,,3
ITA_PCDM,29-02-2020,Italy,ITA,Trento,,,43,,,,,,
ITA_PCDM,29-02-2020,Italy,ITA,Umbria,,,31,,,,,,
ITA_PCDM,29-02-2020,Italy,ITA,Valle d'Aosta,,,9,,,,,,
ITA_PCDM,29-02-2020,Italy,ITA,Veneto,,,8659,167,,2,24,11,154
ITA_PCDM,29-02-2020,Italy,ITA,Basilicata,,,32,,,,,,
ITA_PCDM,29-02-2020,Italy,ITA,Abruzzo,,,43,,,,2,,
ITA_PCDM,29-02-2020,Italy,ITA,Bolzano,,,16,,,,1,,
ITA_PCDM,29-02-2020,Italy,ITA,Calabria,,,27,1,,,,,1
ITA_PCDM,29-02-2020,Italy,ITA,Campania,,,373,10,,,3,,10
ITA_PCDM,29-02-2020,Italy,ITA,Emilia Romagna,,,1550,131,,4,86,11,116
ITA_PCDM,01-03-2020,Italy,ITA,Lazio,,,724,3,3,,3,,
ITA_PCDM,01-03-2020,Italy,ITA,Abruzzo,,,52,2,,,3,,2
ITA_PCDM,01-03-2020,Italy,ITA,Basilicata,,,39,,,,,,
ITA_PCDM,01-03-2020,Italy,ITA,Bolzano,,,20,,,,1,,
ITA_PCDM,01-03-2020,Italy,ITA,Calabria,,,35,1,,,,,1
ITA_PCDM,01-03-2020,Italy,ITA,Campania,,,373,13,,,4,,13
ITA_PCDM,01-03-2020,Italy,ITA,Emilia Romagna,,,1795,158,,8,127,13,137
ITA_PCDM,01-03-2020,Italy,ITA,Liguria,,,121,13,4,,12,1,8
ITA_PCDM,01-03-2020,Italy,ITA,Lombardia,,,6879,578,73,24,406,106,375
ITA_PCDM,01-03-2020,Italy,ITA,Marche,,,101,13,,,12,5,8
ITA_PCDM,01-03-2020,Italy,ITA,Molise,,,6,,,,,,
ITA_PCDM,01-03-2020,Italy,ITA,Piemonte,,,362,38,,,11,2,36
ITA_PCDM,01-03-2020,Italy,ITA,Puglia,,,262,2,,,1,,2
ITA_PCDM,01-03-2020,Italy,ITA,Sardegna,,,29,,,,,,
ITA_PCDM,01-03-2020,Italy,ITA,Sicilia,,,291,8,2,,1,,6
ITA_PCDM,01-03-2020,Italy,ITA,Toscana,,,572,6,1,,7,,5
ITA_PCDM,01-03-2020,Italy,ITA,Trento,,,122,,,,,,
ITA_PCDM,01-03-2020,Italy,ITA,Umbria,,,35,2,,,,,2
ITA_PCDM,01-03-2020,Italy,ITA,Valle d'Aosta,,,10,,,,,,
ITA_PCDM,01-03-2020,Italy,ITA,Veneto,,,9056,212,,2,51,13,197
ITA_PCDM,01-03-2020,Italy,ITA,Friuli V.G.,,,243,6,,,,,6
ITA_PCDM,02-03-2020,Italy,ITA,Friuli V.G.,,,269,9,,,,,9
ITA_PCDM,02-03-2020,Italy,ITA,Sardegna,,,29,,,,,,
ITA_PCDM,02-03-2020,Italy,ITA,Valle d'Aosta,,,11,,,,,,
ITA_PCDM,02-03-2020,Italy,ITA,Veneto,,,9782,220,,2,53,14,204
ITA_PCDM,02-03-2020,Italy,ITA,Abruzzo,,,52,2,,,3,,2
ITA_PCDM,02-03-2020,Italy,ITA,Umbria,,,35,2,,,,,2
ITA_PCDM,02-03-2020,Italy,ITA,Basilicata,,,39,,,,,,
ITA_PCDM,02-03-2020,Italy,ITA,Bolzano,,,20,,,,1,,
ITA_PCDM,02-03-2020,Italy,ITA,Calabria,,,39,1,,,,,1
ITA_PCDM,02-03-2020,Italy,ITA,Campania,,,373,13,,,4,,13
ITA_PCDM,02-03-2020,Italy,ITA,Emilia Romagna,,,1973,187,,11,148,16,160
ITA_PCDM,02-03-2020,Italy,ITA,Liguria,,,121,10,4,,12,1,5
ITA_PCDM,02-03-2020,Italy,ITA,Lombardia,,,7925,776,139,38,478,127,472
ITA_PCDM,02-03-2020,Italy,ITA,Marche,,,137,18,,1,17,6,11
ITA_PCDM,02-03-2020,Italy,ITA,Molise,,,13,,,,,,
ITA_PCDM,02-03-2020,Italy,ITA,Piemonte,,,434,39,,,12,2,37
ITA_PCDM,02-03-2020,Italy,ITA,Puglia,,,278,2,,,2,,2
ITA_PCDM,02-03-2020,Italy,ITA,Sicilia,,,307,5,2,,2,,3
ITA_PCDM,02-03-2020,Italy,ITA,Lazio,,,773,4,3,,3,,1
ITA_PCDM,02-03-2020,Italy,ITA,Toscana,,,613,6,1,,7,,5
ITA_PCDM,02-03-2020,Italy,ITA,Trento,,,122,,,,,,
ITA_PCDM,03-03-2020,Italy,ITA,Sardegna,,,29,,,,1,,
ITA_PCDM,03-03-2020,Italy,ITA,Abruzzo,,,52,1,,,5,,1
ITA_PCDM,03-03-2020,Italy,ITA,Basilicata,,,42,1,,,,,1
ITA_PCDM,03-03-2020,Italy,ITA,Bolzano,,,20,,,,1,,
ITA_PCDM,03-03-2020,Italy,ITA,Calabria,,,39,1,,,,,1
ITA_PCDM,03-03-2020,Italy,ITA,Campania,,,405,19,,,11,,19
ITA_PCDM,03-03-2020,Italy,ITA,Emilia Romagna,,,2012,233,4,18,187,24,187
ITA_PCDM,03-03-2020,Italy,ITA,Lazio,,,877,4,3,,10,,1
ITA_PCDM,03-03-2020,Italy,ITA,Liguria,,,121,12,4,1,12,2,5
ITA_PCDM,03-03-2020,Italy,ITA,Friuli V.G.,,,354,12,,,1,,12
ITA_PCDM,03-03-2020,Italy,ITA,Valle d'Aosta,,,12,,,,,,
ITA_PCDM,03-03-2020,Italy,ITA,Lombardia,,,9577,822,139,55,698,167,461
ITA_PCDM,03-03-2020,Italy,ITA,Marche,,,200,34,,2,27,13,19
ITA_PCDM,03-03-2020,Italy,ITA,Molise,,,13,,,,3,,
ITA_PCDM,03-03-2020,Italy,ITA,Piemonte,,,458,43,,,13,3,40
ITA_PCDM,03-03-2020,Italy,ITA,Puglia,,,298,4,,,2,,4
ITA_PCDM,03-03-2020,Italy,ITA,Sicilia,,,307,5,2,,2,,3
ITA_PCDM,03-03-2020,Italy,ITA,Toscana,,,697,9,1,,10,,8
ITA_PCDM,03-03-2020,Italy,ITA,Trento,,,122,3,,,1,,3
ITA_PCDM,03-03-2020,Italy,ITA,Umbria,,,45,7,,,1,1,6
ITA_PCDM,03-03-2020,Italy,ITA,Veneto,,,10176,258,7,3,49,19,229
ITA_PCDM,04-03-2020,Italy,ITA,Lazio,,,995,15,3,,15,3,9
ITA_PCDM,04-03-2020,Italy,ITA,Abruzzo,,,85,,,,7,,
ITA_PCDM,04-03-2020,Italy,ITA,Basilicata,,,48,1,,,,,1
ITA_PCDM,04-03-2020,Italy,ITA,Bolzano,,,20,,,,1,,
ITA_PCDM,04-03-2020,Italy,ITA,Calabria,,,46,1,,,,,1
ITA_PCDM,04-03-2020,Italy,ITA,Campania,,,429,20,,,11,,20
ITA_PCDM,04-03-2020,Italy,ITA,Emilia Romagna,,,2500,288,6,22,256,26,234
ITA_PCDM,04-03-2020,Italy,ITA,Friuli V.G.,,,376,15,,,3,,15
ITA_PCDM,04-03-2020,Italy,ITA,Liguria,,,133,16,4,1,10,3,8
ITA_PCDM,04-03-2020,Italy,ITA,Lombardia,,,12138,943,250,73,877,209,411
ITA_PCDM,04-03-2020,Italy,ITA,Marche,,,288,50,,4,34,15,31
ITA_PCDM,04-03-2020,Italy,ITA,Molise,,,19,,,,3,,
ITA_PCDM,04-03-2020,Italy,ITA,Piemonte,,,543,56,,,26,13,43
ITA_PCDM,04-03-2020,Italy,ITA,Puglia,,,322,5,1,1,4,,3
ITA_PCDM,04-03-2020,Italy,ITA,Sardegna,,,42,1,,,1,,1
ITA_PCDM,04-03-2020,Italy,ITA,Sicilia,,,367,13,2,,5,,11
ITA_PCDM,04-03-2020,Italy,ITA,Toscana,,,776,23,1,,15,2,20
ITA_PCDM,04-03-2020,Italy,ITA,Trento,,,122,4,,,1,,4
ITA_PCDM,04-03-2020,Italy,ITA,Umbria,,,58,8,,,1,1,7
ITA_PCDM,04-03-2020,Italy,ITA,Valle d'Aosta,,,15,,,,,,
ITA_PCDM,04-03-2020,Italy,ITA,Veneto,,,10515,284,9,6,76,23,246
ITA_PCDM,05-03-2020,Italy,ITA,Molise,,,24,3,,,4,,3
ITA_PCDM,05-03-2020,Italy,ITA,Piemonte,,,543,65,,2,43,17,46
ITA_PCDM,05-03-2020,Italy,ITA,Puglia,,,359,9,1,1,5,1,6
ITA_PCDM,05-03-2020,Italy,ITA,Sardegna,,,50,,,,2,,
ITA_PCDM,05-03-2020,Italy,ITA,Sicilia,,,367,13,2,,5,,11
ITA_PCDM,05-03-2020,Italy,ITA,Toscana,,,776,35,1,,26,3,31
ITA_PCDM,05-03-2020,Italy,ITA,Trento,,,122,5,,,2,,5
ITA_PCDM,05-03-2020,Italy,ITA,Umbria,,,88,8,,,1,1,7
ITA_PCDM,05-03-2020,Italy,ITA,Valle d'Aosta,,,21,2,,,,,2
ITA_PCDM,05-03-2020,Italy,ITA,Veneto,,,11949,315,17,10,92,24,264
ITA_PCDM,05-03-2020,Italy,ITA,Marche,,,413,67,,4,57,19,44
ITA_PCDM,05-03-2020,Italy,ITA,Lombardia,,,12354,1082,376,98,1169,244,364
ITA_PCDM,05-03-2020,Italy,ITA,Liguria,,,146,17,4,3,11,3,7
ITA_PCDM,05-03-2020,Italy,ITA,Lazio,,,1175,24,3,,20,7,14
ITA_PCDM,05-03-2020,Italy,ITA,Friuli V.G.,,,397,17,,,4,,17
ITA_PCDM,05-03-2020,Italy,ITA,Campania,,,471,33,,,12,,33
ITA_PCDM,05-03-2020,Italy,ITA,Emilia Romagna,,,2884,371,10,30,327,32,299
ITA_PCDM,05-03-2020,Italy,ITA,Calabria,,,53,1,,,1,,1
ITA_PCDM,05-03-2020,Italy,ITA,Bolzano,,,20,,,,1,,
ITA_PCDM,05-03-2020,Italy,ITA,Basilicata,,,54,1,,,,,1
ITA_PCDM,05-03-2020,Italy,ITA,Abruzzo,,,96,,,,8,,
ITA_PCDM,06-03-2020,Italy,ITA,Molise,,,104,9,,,3,2,7
ITA_PCDM,06-03-2020,Italy,ITA,Puglia,,,395,12,1,1,5,1,9
ITA_PCDM,06-03-2020,Italy,ITA,Sardegna,,,99,3,,,2,,3
ITA_PCDM,06-03-2020,Italy,ITA,Sicilia,,,367,17,2,,7,,15
ITA_PCDM,06-03-2020,Italy,ITA,Toscana,,,1097,44,1,,35,5,38
ITA_PCDM,06-03-2020,Italy,ITA,Trento,,,122,6,,,4,,6
ITA_PCDM,06-03-2020,Italy,ITA,Umbria,,,110,14,,,2,2,12
ITA_PCDM,06-03-2020,Italy,ITA,Valle d'Aosta,,,28,7,,,,,7
ITA_PCDM,06-03-2020,Italy,ITA,Veneto,,,13023,371,22,12,117,27,310
ITA_PCDM,06-03-2020,Italy,ITA,Piemonte,,,793,86,,4,57,30,52
ITA_PCDM,06-03-2020,Italy,ITA,Abruzzo,,,96,,,,9,,
ITA_PCDM,06-03-2020,Italy,ITA,Basilicata,,,63,2,,,1,,2
ITA_PCDM,06-03-2020,Italy,ITA,Bolzano,,,36,,,,4,,
ITA_PCDM,06-03-2020,Italy,ITA,Calabria,,,99,2,,,2,,2
ITA_PCDM,06-03-2020,Italy,ITA,Campania,,,471,45,,,12,,45
ITA_PCDM,06-03-2020,Italy,ITA,Emilia Romagna,,,3136,473,17,37,397,53,366
ITA_PCDM,06-03-2020,Italy,ITA,Friuli V.G.,,,577,27,3,,4,,24
ITA_PCDM,06-03-2020,Italy,ITA,Lazio,,,1373,28,3,1,26,8,16
ITA_PCDM,06-03-2020,Italy,ITA,Liguria,,,229,20,5,3,12,5,7
ITA_PCDM,06-03-2020,Italy,ITA,Lombardia,,,13556,990,469,135,1622,309,77
ITA_PCDM,06-03-2020,Italy,ITA,Marche,,,585,86,,4,73,20,62
ITA_PCDM,07-03-2020,Italy,ITA,Basilicata,,,75,2,,,1,,2
ITA_PCDM,07-03-2020,Italy,ITA,Trento,,,194,8,,,6,1,7
ITA_PCDM,07-03-2020,Italy,ITA,Bolzano,,,36,1,,,8,,1
ITA_PCDM,07-03-2020,Italy,ITA,Abruzzo,,,123,,,,11,,
ITA_PCDM,07-03-2020,Italy,ITA,Calabria,,,113,2,,,2,,2
ITA_PCDM,07-03-2020,Italy,ITA,Campania,,,612,45,,,16,,45
ITA_PCDM,07-03-2020,Italy,ITA,Emilia Romagna,,,3604,546,25,48,464,64,409
ITA_PCDM,07-03-2020,Italy,ITA,Friuli V.G.,,,577,35,3,,7,1,31
ITA_PCDM,07-03-2020,Italy,ITA,Lazio,,,1582,33,3,1,43,8,21
ITA_PCDM,07-03-2020,Italy,ITA,Liguria,,,331,25,5,4,26,6,10
ITA_PCDM,07-03-2020,Italy,ITA,Lombardia,,,15778,1759,524,154,1661,359,722
ITA_PCDM,07-03-2020,Italy,ITA,Marche,,,816,113,,6,94,36,71
ITA_PCDM,07-03-2020,Italy,ITA,Molise,,,112,11,,,3,2,9
ITA_PCDM,07-03-2020,Italy,ITA,Piemonte,,,1046,97,,5,110,38,54
ITA_PCDM,07-03-2020,Italy,ITA,Puglia,,,395,17,1,2,9,2,12
ITA_PCDM,07-03-2020,Italy,ITA,Sardegna,,,99,3,,,2,,3
ITA_PCDM,07-03-2020,Italy,ITA,Sicilia,,,643,27,2,,8,,25
ITA_PCDM,07-03-2020,Italy,ITA,Toscana,,,1331,59,1,,54,7,51
ITA_PCDM,07-03-2020,Italy,ITA,Umbria,,,134,22,,,2,2,20
ITA_PCDM,07-03-2020,Italy,ITA,Valle d'Aosta,,,32,7,,,1,,7
ITA_PCDM,07-03-2020,Italy,ITA,Veneto,,,14429,420,25,13,123,41,341
ITA_PCDM,08-03-2020,Italy,ITA,Veneto,,,15918,524,29,18,146,47,430
ITA_PCDM,08-03-2020,Italy,ITA,Umbria,,,168,24,,,2,2,22
ITA_PCDM,08-03-2020,Italy,ITA,Trento,,,228,16,,,7,2,14
ITA_PCDM,08-03-2020,Italy,ITA,Valle d'Aosta,,,41,8,,,1,,8
ITA_PCDM,08-03-2020,Italy,ITA,Abruzzo,,,163,3,,,14,,3
ITA_PCDM,08-03-2020,Italy,ITA,Basilicata,,,123,2,,,2,,2
ITA_PCDM,08-03-2020,Italy,ITA,Toscana,,,1618,75,1,,91,7,67
ITA_PCDM,08-03-2020,Italy,ITA,Sicilia,,,791,35,2,,18,,33
ITA_PCDM,08-03-2020,Italy,ITA,Bolzano,,,36,1,,,8,,1
ITA_PCDM,08-03-2020,Italy,ITA,Calabria,,,113,4,,,5,,4
ITA_PCDM,08-03-2020,Italy,ITA,Campania,,,980,71,1,,30,7,63
ITA_PCDM,08-03-2020,Italy,ITA,Emilia Romagna,,,4344,638,27,56,542,75,480
ITA_PCDM,08-03-2020,Italy,ITA,Friuli V.G.,,,997,50,3,1,7,1,45
ITA_PCDM,08-03-2020,Italy,ITA,Lazio,,,1929,40,3,3,47,8,26
ITA_PCDM,08-03-2020,Italy,ITA,Liguria,,,401,39,5,6,39,11,17
ITA_PCDM,08-03-2020,Italy,ITA,Lombardia,,,18534,1972,550,267,2217,399,756
ITA_PCDM,08-03-2020,Italy,ITA,Marche,,,1025,162,,7,110,41,114
ITA_PCDM,08-03-2020,Italy,ITA,Molise,,,116,10,,,4,2,8
ITA_PCDM,08-03-2020,Italy,ITA,Piemonte,,,1636,115,,5,245,45,65
ITA_PCDM,08-03-2020,Italy,ITA,Puglia,,,627,23,1,3,17,3,16
ITA_PCDM,08-03-2020,Italy,ITA,Sardegna,,,149,6,,,5,,6
ITA_PCDM,09-03-2020,Italy,ITA,Puglia,,,685,30,1,3,20,6,20
ITA_PCDM,09-03-2020,Italy,ITA,Sardegna,,,185,11,,,8,,11
ITA_PCDM,09-03-2020,Italy,ITA,Sicilia,,,836,35,2,,19,,33
ITA_PCDM,09-03-2020,Italy,ITA,Toscana,,,2018,101,1,1,107,9,90
ITA_PCDM,09-03-2020,Italy,ITA,Trento,,,267,23,,,10,2,21
ITA_PCDM,09-03-2020,Italy,ITA,Umbria,,,183,24,,,4,2,22
ITA_PCDM,09-03-2020,Italy,ITA,Valle d'Aosta,,,67,11,,,4,,11
ITA_PCDM,09-03-2020,Italy,ITA,Veneto,,,15956,558,30,20,186,51,457
ITA_PCDM,09-03-2020,Italy,ITA,Abruzzo,,,237,5,,,25,,5
ITA_PCDM,09-03-2020,Italy,ITA,Basilicata,,,135,3,,,2,,3
ITA_PCDM,09-03-2020,Italy,ITA,Bolzano,,,36,1,,,8,,1
ITA_PCDM,09-03-2020,Italy,ITA,Calabria,,,173,3,2,,8,,1
ITA_PCDM,09-03-2020,Italy,ITA,Campania,,,980,78,1,,42,8,69
ITA_PCDM,09-03-2020,Italy,ITA,Emilia Romagna,,,4906,810,30,70,576,90,620
ITA_PCDM,09-03-2020,Italy,ITA,Friuli V.G.,,,1344,75,3,1,18,1,70
ITA_PCDM,09-03-2020,Italy,ITA,Lazio,,,1929,47,3,5,55,8,31
ITA_PCDM,09-03-2020,Italy,ITA,Liguria,,,611,49,5,7,60,17,20
ITA_PCDM,09-03-2020,Italy,ITA,Lombardia,,,20135,2667,646,333,2802,440,1248
ITA_PCDM,09-03-2020,Italy,ITA,Marche,,,1250,187,,10,136,47,130
ITA_PCDM,09-03-2020,Italy,ITA,Molise,,,212,10,,,4,2,8
ITA_PCDM,09-03-2020,Italy,ITA,Piemonte,,,1681,128,,13,222,50,65
ITA_PCDM,10-03-2020,Italy,ITA,Trento,,,399,33,2,,19,3,28
ITA_PCDM,10-03-2020,Italy,ITA,Toscana,,,2573,173,3,1,91,40,129
ITA_PCDM,10-03-2020,Italy,ITA,Umbria,,,260,29,,,8,2,27
ITA_PCDM,10-03-2020,Italy,ITA,Sicilia,,,955,45,2,,17,2,41
ITA_PCDM,10-03-2020,Italy,ITA,Sardegna,,,204,11,,,9,,11
ITA_PCDM,10-03-2020,Italy,ITA,Puglia,,,747,31,1,3,28,6,21
ITA_PCDM,10-03-2020,Italy,ITA,Piemonte,,,2374,147,,17,306,66,64
ITA_PCDM,10-03-2020,Italy,ITA,Molise,,,225,12,,,3,3,9
ITA_PCDM,10-03-2020,Italy,ITA,Marche,,,1437,242,,13,152,54,175
ITA_PCDM,10-03-2020,Italy,ITA,Lombardia,,,21479,2472,896,468,3319,466,642
ITA_PCDM,10-03-2020,Italy,ITA,Liguria,,,694,84,5,8,57,29,42
ITA_PCDM,10-03-2020,Italy,ITA,Lazio,,,3591,66,11,6,50,15,34
ITA_PCDM,10-03-2020,Italy,ITA,Friuli V.G.,,,1602,89,3,3,27,6,77
ITA_PCDM,10-03-2020,Italy,ITA,Campania,,,1141,94,1,,33,8,85
ITA_PCDM,10-03-2020,Italy,ITA,Calabria,,,360,5,2,,8,2,1
ITA_PCDM,10-03-2020,Italy,ITA,Bolzano,,,36,21,,,17,1,20
ITA_PCDM,10-03-2020,Italy,ITA,Emilia Romagna,,,5494,864,31,85,669,98,650
ITA_PCDM,10-03-2020,Italy,ITA,Valle d'Aosta,,,89,15,,,2,,15
ITA_PCDM,10-03-2020,Italy,ITA,Abruzzo,,,310,21,,1,17,9,11
ITA_PCDM,10-03-2020,Italy,ITA,Basilicata,,,148,5,,,2,,5
ITA_PCDM,10-03-2020,Italy,ITA,Veneto,,,16643,652,47,26,204,67,512
ITA_PCDM,11-03-2020,Italy,ITA,Marche,,,1656,267,,18,212,66,183
ITA_PCDM,11-03-2020,Italy,ITA,Abruzzo,,,310,21,,1,17,9,11
ITA_PCDM,11-03-2020,Italy,ITA,Basilicata,,,155,7,,,1,1,6
ITA_PCDM,11-03-2020,Italy,ITA,Bolzano,,,75,67,,,8,4,63
ITA_PCDM,11-03-2020,Italy,ITA,Calabria,,,405,9,2,,10,2,5
ITA_PCDM,11-03-2020,Italy,ITA,Campania,,,1375,98,4,1,56,11,82
ITA_PCDM,11-03-2020,Italy,ITA,Emilia Romagna,,,6640,994,38,113,745,104,739
ITA_PCDM,11-03-2020,Italy,ITA,Friuli V.G.,,,2073,110,10,6,16,5,89
ITA_PCDM,11-03-2020,Italy,ITA,Lazio,,,3591,83,19,6,67,18,40
ITA_PCDM,11-03-2020,Italy,ITA,Liguria,,,1025,120,5,8,74,34,73
ITA_PCDM,11-03-2020,Italy,ITA,Lombardia,,,25629,3428,900,617,3852,560,1351
ITA_PCDM,11-03-2020,Italy,ITA,Piemonte,,,2431,182,,21,319,75,86
ITA_PCDM,11-03-2020,Italy,ITA,Puglia,,,909,39,1,5,38,4,29
ITA_PCDM,11-03-2020,Italy,ITA,Sardegna,,,283,27,,,10,,27
ITA_PCDM,11-03-2020,Italy,ITA,Sicilia,,,1194,60,2,,23,1,57
ITA_PCDM,11-03-2020,Italy,ITA,Toscana,,,2804,233,5,1,87,54,173
ITA_PCDM,11-03-2020,Italy,ITA,Trento,,,527,49,3,,28,4,42
ITA_PCDM,11-03-2020,Italy,ITA,Umbria,,,340,39,2,,7,5,32
ITA_PCDM,11-03-2020,Italy,ITA,Valle d'Aosta,,,99,18,,1,2,,17
ITA_PCDM,11-03-2020,Italy,ITA,Veneto,,,21400,761,54,29,262,68,610
ITA_PCDM,11-03-2020,Italy,ITA,Molise,,,233,12,,,4,3,9
ITA_PCDM,12-03-2020,Italy,ITA,Valle d'Aosta,,,118,20,,1,7,,19
ITA_PCDM,12-03-2020,Italy,ITA,Veneto,,,23438,1024,55,32,360,85,852
ITA_PCDM,12-03-2020,Italy,ITA,Trento,,,593,64,4,1,43,5,54
ITA_PCDM,12-03-2020,Italy,ITA,Toscana,,,3165,264,7,5,100,59,193
ITA_PCDM,12-03-2020,Italy,ITA,Sardegna,,,302,27,,,12,,27
ITA_PCDM,12-03-2020,Italy,ITA,Abruzzo,,,867,37,4,2,47,12,19
ITA_PCDM,12-03-2020,Italy,ITA,Sicilia,,,1477,87,2,2,28,5,78
ITA_PCDM,12-03-2020,Italy,ITA,Puglia,,,1269,46,1,5,58,2,38
ITA_PCDM,12-03-2020,Italy,ITA,Piemonte,,,2879,212,,26,368,97,89
ITA_PCDM,12-03-2020,Italy,ITA,Molise,,,238,12,,,4,3,9
ITA_PCDM,12-03-2020,Italy,ITA,Marche,,,1907,338,,22,254,76,240
ITA_PCDM,12-03-2020,Italy,ITA,Lombardia,,,29534,4478,1085,744,4247,605,2044
ITA_PCDM,12-03-2020,Italy,ITA,Liguria,,,1174,174,20,11,100,36,107
ITA_PCDM,12-03-2020,Italy,ITA,Lazio,,,5592,115,19,9,85,20,67
ITA_PCDM,12-03-2020,Italy,ITA,Friuli V.G.,,,2604,144,11,8,23,10,115
ITA_PCDM,12-03-2020,Italy,ITA,Emilia Romagna,,,7600,1133,43,146,814,112,832
ITA_PCDM,12-03-2020,Italy,ITA,Campania,,,1551,123,4,1,56,11,107
ITA_PCDM,12-03-2020,Italy,ITA,Calabria,,,483,19,1,,14,2,16
ITA_PCDM,12-03-2020,Italy,ITA,Bolzano,,,607,83,,1,21,4,78
ITA_PCDM,12-03-2020,Italy,ITA,Basilicata,,,155,7,,,1,1,6
ITA_PCDM,12-03-2020,Italy,ITA,Umbria,,,458,56,2,,8,8,46
ITA_PCDM,13-03-2020,Italy,ITA,Veneto,,,25691,1229,100,42,366,107,980
ITA_PCDM,13-03-2020,Italy,ITA,Abruzzo,,,958,47,4,2,42,14,27
ITA_PCDM,13-03-2020,Italy,ITA,Basilicata,,,155,9,,,1,1,8
ITA_PCDM,13-03-2020,Italy,ITA,Bolzano,,,811,105,,2,20,5,98
ITA_PCDM,13-03-2020,Italy,ITA,Calabria,,,504,20,1,,18,3,16
ITA_PCDM,13-03-2020,Italy,ITA,Campania,,,1671,160,5,2,60,19,134
ITA_PCDM,13-03-2020,Italy,ITA,Emilia Romagna,,,8787,1321,51,201,942,128,941
ITA_PCDM,13-03-2020,Italy,ITA,Friuli V.G.,,,3149,198,11,10,59,8,169
ITA_PCDM,13-03-2020,Italy,ITA,Lazio,,,6491,155,24,11,122,24,96
ITA_PCDM,13-03-2020,Italy,ITA,Liguria,,,1442,217,24,17,128,44,132
ITA_PCDM,13-03-2020,Italy,ITA,Lombardia,,,32700,5385,1198,890,4435,650,2647
ITA_PCDM,13-03-2020,Italy,ITA,Marche,,,2218,388,,27,337,85,276
ITA_PCDM,13-03-2020,Italy,ITA,Molise,,,243,12,,,5,3,9
ITA_PCDM,13-03-2020,Italy,ITA,Piemonte,,,3105,284,,46,556,135,103
ITA_PCDM,13-03-2020,Italy,ITA,Puglia,,,1449,52,3,5,77,2,42
ITA_PCDM,13-03-2020,Italy,ITA,Sardegna,,,504,31,,,12,,31
ITA_PCDM,13-03-2020,Italy,ITA,Sicilia,,,1950,93,2,2,37,7,82
ITA_PCDM,13-03-2020,Italy,ITA,Toscana,,,4049,336,10,5,134,77,244
ITA_PCDM,13-03-2020,Italy,ITA,Trento,,,846,105,4,2,58,6,93
ITA_PCDM,13-03-2020,Italy,ITA,Umbria,,,576,65,2,1,11,10,52
ITA_PCDM,13-03-2020,Italy,ITA,Valle d'Aosta,,,189,22,,1,6,,21
ITA_PCDM,14-03-2020,Italy,ITA,Abruzzo,,,1232,61,4,2,51,14,41
ITA_PCDM,14-03-2020,Italy,ITA,Basilicata,,,155,10,,,,2,8
ITA_PCDM,14-03-2020,Italy,ITA,Bolzano,,,1135,147,,3,26,7,137
ITA_PCDM,14-03-2020,Italy,ITA,Calabria,,,711,38,1,,22,4,33
ITA_PCDM,14-03-2020,Italy,ITA,Campania,,,1936,200,23,6,72,17,154
ITA_PCDM,14-03-2020,Italy,ITA,Sicilia,,,2100,114,4,2,42,11,97
ITA_PCDM,14-03-2020,Italy,ITA,Emilia Romagna,,,10043,1568,54,241,1076,152,1121
ITA_PCDM,14-03-2020,Italy,ITA,Friuli V.G.,,,3376,234,17,13,67,11,193
ITA_PCDM,14-03-2020,Italy,ITA,Lazio,,,7335,176,24,13,181,25,114
ITA_PCDM,14-03-2020,Italy,ITA,Liguria,,,1750,250,52,27,213,62,109
ITA_PCDM,14-03-2020,Italy,ITA,Lombardia,,,37138,6787,1660,966,4898,732,3429
ITA_PCDM,14-03-2020,Italy,ITA,Marche,,,2561,450,,36,449,93,321
ITA_PCDM,14-03-2020,Italy,ITA,Molise,,,247,12,,,5,3,9
ITA_PCDM,14-03-2020,Italy,ITA,Piemonte,,,3680,335,,59,538,150,126
ITA_PCDM,14-03-2020,Italy,ITA,Puglia,,,1681,75,2,8,91,6,59
ITA_PCDM,14-03-2020,Italy,ITA,Sardegna,,,530,33,,,14,,33
ITA_PCDM,14-03-2020,Italy,ITA,Toscana,,,4595,470,10,6,160,87,367
ITA_PCDM,14-03-2020,Italy,ITA,Trento,,,1006,138,5,2,68,12,119
ITA_PCDM,14-03-2020,Italy,ITA,Umbria,,,748,86,3,1,21,11,71
ITA_PCDM,14-03-2020,Italy,ITA,Valle d'Aosta,,,231,30,,1,12,,29
ITA_PCDM,14-03-2020,Italy,ITA,Veneto,,,26980,1571,107,55,366,119,1290
ITA_PCDM,15-03-2020,Italy,ITA,Abruzzo,,,1419,65,6,3,72,28,28
ITA_PCDM,15-03-2020,Italy,ITA,Basilicata,,,208,11,,,,2,9
ITA_PCDM,15-03-2020,Italy,ITA,Bolzano,,,1497,154,,5,50,4,145
ITA_PCDM,15-03-2020,Italy,ITA,Calabria,,,884,36,1,1,32,6,28
ITA_PCDM,15-03-2020,Italy,ITA,Campania,,,2213,260,28,9,73,22,201
ITA_PCDM,15-03-2020,Italy,ITA,Friuli V.G.,,,3407,249,17,14,98,12,206
ITA_PCDM,15-03-2020,Italy,ITA,Lazio,,,8345,213,24,16,223,31,142
ITA_PCDM,15-03-2020,Italy,ITA,Liguria,,,1973,306,33,33,253,66,174
ITA_PCDM,15-03-2020,Italy,ITA,Lombardia,,,40369,7772,2011,1218,5500,767,3776
ITA_PCDM,15-03-2020,Italy,ITA,Marche,,,2946,612,,46,521,98,468
ITA_PCDM,15-03-2020,Italy,ITA,Molise,,,248,14,,,3,4,10
ITA_PCDM,15-03-2020,Italy,ITA,Piemonte,,,4375,385,,81,726,171,133
ITA_PCDM,15-03-2020,Italy,ITA,Puglia,,,2017,114,2,16,116,6,90
ITA_PCDM,15-03-2020,Italy,ITA,Sardegna,,,613,61,,2,16,,59
ITA_PCDM,15-03-2020,Italy,ITA,Sicilia,,,2452,132,7,2,56,15,108
ITA_PCDM,15-03-2020,Italy,ITA,Toscana,,,5132,606,10,8,175,107,481
ITA_PCDM,15-03-2020,Italy,ITA,Trento,,,1006,305,5,6,73,19,275
ITA_PCDM,15-03-2020,Italy,ITA,Umbria,,,965,118,3,1,25,13,101
ITA_PCDM,15-03-2020,Italy,ITA,Valle d'Aosta,,,230,47,,1,10,3,43
ITA_PCDM,15-03-2020,Italy,ITA,Veneto,,,32546,1746,120,63,426,129,1434
ITA_PCDM,15-03-2020,Italy,ITA,Emilia Romagna,,,12054,1878,68,284,1215,169,1357
ITA_PCDM,16-03-2020,Italy,ITA,Lazio,,,9330,256,32,19,267,31,174
ITA_PCDM,16-03-2020,Italy,ITA,Veneto,,,35052,1975,130,69,498,156,1620
ITA_PCDM,16-03-2020,Italy,ITA,Valle d'Aosta,,,287,77,,2,28,5,70
ITA_PCDM,16-03-2020,Italy,ITA,Umbria,,,1093,134,4,1,30,15,114
ITA_PCDM,16-03-2020,Italy,ITA,Trento,,,1006,305,5,6,73,19,275
ITA_PCDM,16-03-2020,Italy,ITA,Toscana,,,5910,691,11,14,175,107,559
ITA_PCDM,16-03-2020,Italy,ITA,Sicilia,,,2653,138,8,2,75,20,108
ITA_PCDM,16-03-2020,Italy,ITA,Sardegna,,,797,68,,2,39,,66
ITA_PCDM,16-03-2020,Italy,ITA,Puglia,,,2017,114,2,16,116,6,90
ITA_PCDM,16-03-2020,Italy,ITA,Piemonte,,,5588,471,,111,1045,186,174
ITA_PCDM,16-03-2020,Italy,ITA,Marche,,,3225,714,,57,528,110,547
ITA_PCDM,16-03-2020,Italy,ITA,Lombardia,,,43565,8478,2368,1420,6171,823,3867
ITA_PCDM,16-03-2020,Italy,ITA,Liguria,,,2189,412,42,50,255,73,247
ITA_PCDM,16-03-2020,Italy,ITA,Friuli V.G.,,,4851,290,18,22,96,19,231
ITA_PCDM,16-03-2020,Italy,ITA,Emilia Romagna,,,13096,2160,88,346,1362,197,1529
ITA_PCDM,16-03-2020,Italy,ITA,Campania,,,2517,297,28,9,103,22,238
ITA_PCDM,16-03-2020,Italy,ITA,Calabria,,,1030,53,1,1,36,7,44
ITA_PCDM,16-03-2020,Italy,ITA,Bolzano,,,1740,188,,6,53,11,171
ITA_PCDM,16-03-2020,Italy,ITA,Molise,,,253,18,5,1,3,5,7
ITA_PCDM,16-03-2020,Italy,ITA,Abruzzo,,,1533,105,7,4,71,37,57
ITA_PCDM,16-03-2020,Italy,ITA,Basilicata,,,230,11,,,1,2,9
ITA_PCDM,17-03-2020,Italy,ITA,Basilicata,,,262,15,,,5,2,13
ITA_PCDM,17-03-2020,Italy,ITA,Calabria,,,1293,69,1,1,45,10,57
ITA_PCDM,17-03-2020,Italy,ITA,Campania,,,2685,333,28,9,127,24,272
ITA_PCDM,17-03-2020,Italy,ITA,Emilia Romagna,,,14510,2365,134,393,1566,223,1615
ITA_PCDM,17-03-2020,Italy,ITA,Friuli V.G.,,,4958,290,17,30,104,21,222
ITA_PCDM,17-03-2020,Italy,ITA,Lazio,,,9436,293,34,23,314,44,192
ITA_PCDM,17-03-2020,Italy,ITA,Liguria,,,2509,479,57,60,299,85,277
ITA_PCDM,17-03-2020,Italy,ITA,Lombardia,,,46449,9267,2485,1640,6953,879,4263
ITA_PCDM,17-03-2020,Italy,ITA,Marche,,,3225,772,,69,599,109,594
ITA_PCDM,17-03-2020,Italy,ITA,Molise,,,301,18,5,1,7,5,7
ITA_PCDM,17-03-2020,Italy,ITA,Piemonte,,,6543,519,,133,1378,206,180
ITA_PCDM,17-03-2020,Italy,ITA,Puglia,,,3077,185,2,18,155,14,151
ITA_PCDM,17-03-2020,Italy,ITA,Sardegna,,,1003,81,,2,36,4,75
ITA_PCDM,17-03-2020,Italy,ITA,Toscana,,,6727,724,12,17,329,143,552
ITA_PCDM,17-03-2020,Italy,ITA,Trento,,,1727,278,10,7,107,22,239
ITA_PCDM,17-03-2020,Italy,ITA,Umbria,,,1323,161,4,1,36,21,135
ITA_PCDM,17-03-2020,Italy,ITA,Valle d'Aosta,,,398,101,,2,35,6,93
ITA_PCDM,17-03-2020,Italy,ITA,Veneto,,,35478,2156,136,80,548,171,1769
ITA_PCDM,17-03-2020,Italy,ITA,Abruzzo,,,1688,135,7,6,94,32,90
ITA_PCDM,17-03-2020,Italy,ITA,Bolzano,,,2149,220,1,8,71,11,200
ITA_PCDM,17-03-2020,Italy,ITA,Sicilia,,,2916,151,8,3,86,28,112
ITA_PCDM,18-03-2020,Italy,ITA,Calabria,,,1668,84,2,1,45,11,70
ITA_PCDM,18-03-2020,Italy,ITA,Abruzzo,,,2054,164,7,7,99,41,109
ITA_PCDM,18-03-2020,Italy,ITA,Basilicata,,,262,18,,,9,2,16
ITA_PCDM,18-03-2020,Italy,ITA,Bolzano,,,2844,297,1,9,79,18,269
ITA_PCDM,18-03-2020,Italy,ITA,Campania,,,2685,333,28,9,127,24,272
ITA_PCDM,18-03-2020,Italy,ITA,Emilia Romagna,,,15461,2741,152,458,1784,247,1884
ITA_PCDM,18-03-2020,Italy,ITA,Friuli V.G.,,,4958,334,15,31,128,27,261
ITA_PCDM,18-03-2020,Italy,ITA,Lazio,,,11145,350,42,32,374,44,232
ITA_PCDM,18-03-2020,Italy,ITA,Liguria,,,2912,486,70,73,401,100,243
ITA_PCDM,18-03-2020,Italy,ITA,Lombardia,,,48983,10428,3488,1959,7285,924,4057
ITA_PCDM,18-03-2020,Italy,ITA,Marche,,,4109,930,,92,638,119,719
ITA_PCDM,18-03-2020,Italy,ITA,Piemonte,,,7516,561,,154,1780,227,180
ITA_PCDM,18-03-2020,Italy,ITA,Puglia,,,3433,227,2,19,156,30,176
ITA_PCDM,18-03-2020,Italy,ITA,Sardegna,,,1135,92,,2,42,7,83
ITA_PCDM,18-03-2020,Italy,ITA,Sicilia,,,3294,182,12,3,100,29,138
ITA_PCDM,18-03-2020,Italy,ITA,Toscana,,,7606,903,17,22,427,160,704
ITA_PCDM,18-03-2020,Italy,ITA,Trento,,,2187,314,12,7,141,22,273
ITA_PCDM,18-03-2020,Italy,ITA,Umbria,,,1601,193,4,2,54,21,166
ITA_PCDM,18-03-2020,Italy,ITA,Valle d'Aosta,,,486,124,,3,41,3,118
ITA_PCDM,18-03-2020,Italy,ITA,Veneto,,,40841,2568,167,94,646,195,2112
ITA_PCDM,18-03-2020,Italy,ITA,Molise,,,361,21,6,1,7,6,8
ITA_PCDM,19-03-2020,Italy,ITA,Calabria,,,2342,109,2,3,60,13,91
ITA_PCDM,19-03-2020,Italy,ITA,Basilicata,,,353,29,,,8,5,24
ITA_PCDM,19-03-2020,Italy,ITA,Bolzano,,,3568,349,1,14,87,18,316
ITA_PCDM,19-03-2020,Italy,ITA,Abruzzo,,,2409,204,8,11,181,47,138
ITA_PCDM,19-03-2020,Italy,ITA,Emilia Romagna,,,18344,3314,177,531,1900,260,2346
ITA_PCDM,19-03-2020,Italy,ITA,Marche,,,4512,1081,,115,656,141,825
ITA_PCDM,19-03-2020,Italy,ITA,Molise,,,426,27,6,2,19,6,13
ITA_PCDM,19-03-2020,Italy,ITA,Piemonte,,,8853,653,3,175,2279,257,218
ITA_PCDM,19-03-2020,Italy,ITA,Puglia,,,4046,305,4,25,173,31,245
ITA_PCDM,19-03-2020,Italy,ITA,Sardegna,,,1334,163,,2,43,9,152
ITA_PCDM,19-03-2020,Italy,ITA,Sicilia,,,3961,197,15,4,143,36,142
ITA_PCDM,19-03-2020,Italy,ITA,Toscana,,,8873,981,22,38,501,178,743
ITA_PCDM,19-03-2020,Italy,ITA,Trento,,,2203,354,20,12,169,30,292
ITA_PCDM,19-03-2020,Italy,ITA,Umbria,,,1954,265,4,2,69,21,238
ITA_PCDM,19-03-2020,Italy,ITA,Valle d'Aosta,,,608,168,,6,47,9,153
ITA_PCDM,19-03-2020,Italy,ITA,Veneto,,,44658,2713,200,115,771,209,2189
ITA_PCDM,19-03-2020,Italy,ITA,Friuli V.G.,,,4052,465,41,36,134,29,359
ITA_PCDM,19-03-2020,Italy,ITA,Lazio,,,11145,397,44,38,426,45,270
ITA_PCDM,19-03-2020,Italy,ITA,Liguria,,,3348,568,85,91,491,112,280
ITA_PCDM,19-03-2020,Italy,ITA,Lombardia,,,52244,12497,3778,2168,7387,1006,5545
ITA_PCDM,19-03-2020,Italy,ITA,Campania,,,3544,439,30,17,213,36,356
ITA_PCDM,20-03-2020,Italy,ITA,Campania,,,3845,619,30,17,130,41,531
ITA_PCDM,20-03-2020,Italy,ITA,Abruzzo,,,2695,259,10,17,190,48,184
ITA_PCDM,20-03-2020,Italy,ITA,Basilicata,,,443,44,,,8,5,39
ITA_PCDM,20-03-2020,Italy,ITA,Bolzano,,,4433,449,1,17,99,24,407
ITA_PCDM,20-03-2020,Italy,ITA,Calabria,,,2690,136,2,4,71,16,114
ITA_PCDM,20-03-2020,Italy,ITA,Lazio,,,13889,471,53,43,537,47,328
ITA_PCDM,20-03-2020,Italy,ITA,Liguria,,,3794,648,101,119,573,121,307
ITA_PCDM,20-03-2020,Italy,ITA,Lombardia,,,57174,14529,4295,2549,7735,1050,6635
ITA_PCDM,20-03-2020,Italy,ITA,Marche,,,5170,1277,,137,704,138,1002
ITA_PCDM,20-03-2020,Italy,ITA,Molise,,,426,30,6,5,20,6,13
ITA_PCDM,20-03-2020,Italy,ITA,Piemonte,,,9975,1920,8,209,1541,280,1423
ITA_PCDM,20-03-2020,Italy,ITA,Puglia,,,4789,390,4,26,191,31,329
ITA_PCDM,20-03-2020,Italy,ITA,Sardegna,,,1912,237,3,2,56,15,217
ITA_PCDM,20-03-2020,Italy,ITA,Sicilia,,,4468,240,25,4,168,42,169
ITA_PCDM,20-03-2020,Italy,ITA,Toscana,,,10405,1192,33,47,601,189,923
ITA_PCDM,20-03-2020,Italy,ITA,Trento,,,2656,444,29,13,198,34,368
ITA_PCDM,20-03-2020,Italy,ITA,Umbria,,,2303,320,4,7,75,24,285
ITA_PCDM,20-03-2020,Italy,ITA,Valle d'Aosta,,,814,210,,7,54,9,194
ITA_PCDM,20-03-2020,Italy,ITA,Veneto,,,49288,3188,223,131,843,236,2598
ITA_PCDM,20-03-2020,Italy,ITA,Friuli V.G.,,,4964,513,63,38,143,32,380
ITA_PCDM,20-03-2020,Italy,ITA,Emilia Romagna,,,20753,3885,239,640,2083,267,2739
ITA_PCDM,21-03-2020,Italy,ITA,Campania,,,4448,611,29,22,233,87,473
ITA_PCDM,21-03-2020,Italy,ITA,Marche,,,5740,1411,2,154,742,141,1114
ITA_PCDM,21-03-2020,Italy,ITA,Lombardia,,,66730,17257,5050,3095,8258,1093,8019
ITA_PCDM,21-03-2020,Italy,ITA,Liguria,,,4304,838,125,152,598,129,432
ITA_PCDM,21-03-2020,Italy,ITA,Puglia,,,5617,466,4,29,209,33,400
ITA_PCDM,21-03-2020,Italy,ITA,Molise,,,449,40,7,7,21,6,20
ITA_PCDM,21-03-2020,Italy,ITA,Piemonte,,,10701,1776,8,238,1976,301,1229
ITA_PCDM,21-03-2020,Italy,ITA,Sardegna,,,2297,265,5,4,65,16,240
ITA_PCDM,21-03-2020,Italy,ITA,Sicilia,,,4883,284,26,6,206,48,204
ITA_PCDM,21-03-2020,Italy,ITA,Toscana,,,11909,1348,35,72,664,202,1039
ITA_PCDM,21-03-2020,Italy,ITA,Trento,,,2656,549,34,28,233,39,448
ITA_PCDM,21-03-2020,Italy,ITA,Umbria,,,2712,370,5,10,92,29,326
ITA_PCDM,21-03-2020,Italy,ITA,Valle d'Aosta,,,884,251,1,8,62,15,227
ITA_PCDM,21-03-2020,Italy,ITA,Veneto,,,53642,3675,257,146,942,249,3023
ITA_PCDM,21-03-2020,Italy,ITA,Emilia Romagna,,,24620,4438,329,715,2267,265,3129
ITA_PCDM,21-03-2020,Italy,ITA,Lazio,,,13889,599,54,50,591,70,425
ITA_PCDM,21-03-2020,Italy,ITA,Abruzzo,,,3035,344,13,22,185,44,265
ITA_PCDM,21-03-2020,Italy,ITA,Basilicata,,,522,54,,,12,7,47
ITA_PCDM,21-03-2020,Italy,ITA,Bolzano,,,5179,494,1,20,127,30,443
ITA_PCDM,21-03-2020,Italy,ITA,Friuli V.G.,,,5955,638,82,42,152,37,477
ITA_PCDM,21-03-2020,Italy,ITA,Calabria,,,3050,162,5,5,73,16,136
ITA_PCDM,22-03-2020,Italy,ITA,Umbria,,,3135,424,5,16,97,35,368
ITA_PCDM,22-03-2020,Italy,ITA,Abruzzo,,,3375,369,15,33,218,49,272
ITA_PCDM,22-03-2020,Italy,ITA,Basilicata,,,643,68,,,13,10,58
ITA_PCDM,22-03-2020,Italy,ITA,Bolzano,,,5718,532,7,23,146,32,470
ITA_PCDM,22-03-2020,Italy,ITA,Calabria,,,3666,196,5,8,77,17,166
ITA_PCDM,22-03-2020,Italy,ITA,Campania,,,4943,693,41,29,243,99,524
ITA_PCDM,22-03-2020,Italy,ITA,Emilia Romagna,,,28022,5126,349,816,2429,269,3692
ITA_PCDM,22-03-2020,Italy,ITA,Friuli V.G.,,,6761,711,89,47,163,47,528
ITA_PCDM,22-03-2020,Italy,ITA,Liguria,,,4995,929,143,171,736,132,483
ITA_PCDM,22-03-2020,Italy,ITA,Lombardia,,,70598,17767,5865,3456,9439,1142,7304
ITA_PCDM,22-03-2020,Italy,ITA,Marche,,,6391,1605,6,184,816,138,1277
ITA_PCDM,22-03-2020,Italy,ITA,Molise,,,532,42,7,7,24,7,21
ITA_PCDM,22-03-2020,Italy,ITA,Piemonte,,,12701,2302,10,283,2118,308,1701
ITA_PCDM,22-03-2020,Italy,ITA,Puglia,,,6160,534,7,31,252,37,459
ITA_PCDM,22-03-2020,Italy,ITA,Sardegna,,,2402,272,5,7,67,16,244
ITA_PCDM,22-03-2020,Italy,ITA,Sicilia,,,5580,410,26,8,220,55,321
ITA_PCDM,22-03-2020,Italy,ITA,Toscana,,,13264,1571,42,91,706,215,1223
ITA_PCDM,22-03-2020,Italy,ITA,Trento,,,3050,719,34,35,235,46,604
ITA_PCDM,22-03-2020,Italy,ITA,Valle d'Aosta,,,950,301,1,9,63,21,270
ITA_PCDM,22-03-2020,Italy,ITA,Veneto,,,57671,4009,309,169,1113,255,3276
ITA_PCDM,22-03-2020,Italy,ITA,Lazio,,,17845,712,58,53,671,79,522
ITA_PCDM,23-03-2020,Italy,ITA,Lazio,,,18371,822,63,63,718,96,600
ITA_PCDM,23-03-2020,Italy,ITA,Friuli V.G.,,,7424,745,105,54,185,41,545
ITA_PCDM,23-03-2020,Italy,ITA,Emilia Romagna,,,31200,5689,423,892,2846,276,4098
ITA_PCDM,23-03-2020,Italy,ITA,Campania,,,5813,760,48,49,266,110,553
ITA_PCDM,23-03-2020,Italy,ITA,Abruzzo,,,3674,435,20,38,228,52,325
ITA_PCDM,23-03-2020,Italy,ITA,Basilicata,,,696,75,,1,15,12,62
ITA_PCDM,23-03-2020,Italy,ITA,Calabria,,,4073,210,5,7,82,20,178
ITA_PCDM,23-03-2020,Italy,ITA,Bolzano,,,6084,579,7,29,145,33,510
ITA_PCDM,23-03-2020,Italy,ITA,Trento,,,3150,774,68,41,249,46,619
ITA_PCDM,23-03-2020,Italy,ITA,Umbria,,,3561,471,5,16,106,42,408
ITA_PCDM,23-03-2020,Italy,ITA,Valle d'Aosta,,,1098,324,2,12,69,20,290
ITA_PCDM,23-03-2020,Italy,ITA,Veneto,,,61115,4299,327,192,1206,281,3499
ITA_PCDM,23-03-2020,Italy,ITA,Marche,,,6782,1687,8,203,882,148,1328
ITA_PCDM,23-03-2020,Italy,ITA,Molise,,,532,42,10,7,25,7,18
ITA_PCDM,23-03-2020,Italy,ITA,Piemonte,,,13560,2667,17,315,2194,343,1992
ITA_PCDM,23-03-2020,Italy,ITA,Puglia,,,6761,621,7,37,285,45,532
ITA_PCDM,23-03-2020,Italy,ITA,Sardegna,,,2568,283,5,11,76,18,249
ITA_PCDM,23-03-2020,Italy,ITA,Sicilia,,,6375,471,27,13,250,60,371
ITA_PCDM,23-03-2020,Italy,ITA,Lombardia,,,73242,19495,6075,3776,9266,1183,8461
ITA_PCDM,23-03-2020,Italy,ITA,Toscana,,,13851,1623,51,109,838,238,1225
ITA_PCDM,23-03-2020,Italy,ITA,Liguria,,,5538,1163,159,212,761,133,659
ITA_PCDM,24-03-2020,Italy,ITA,Lazio,,,18371,981,103,80,747,94,704
ITA_PCDM,24-03-2020,Italy,ITA,Abruzzo,,,4294,455,21,46,234,57,331
ITA_PCDM,24-03-2020,Italy,ITA,Basilicata,,,744,78,,1,14,12,65
ITA_PCDM,24-03-2020,Italy,ITA,Bolzano,,,6509,615,44,38,166,38,495
ITA_PCDM,24-03-2020,Italy,ITA,Calabria,,,4486,231,5,10,88,21,195
ITA_PCDM,24-03-2020,Italy,ITA,Campania,,,6297,756,53,56,345,181,466
ITA_PCDM,24-03-2020,Italy,ITA,Friuli V.G.,,,8526,797,80,64,195,49,604
ITA_PCDM,24-03-2020,Italy,ITA,Liguria,,,5992,1313,193,231,803,147,742
ITA_PCDM,24-03-2020,Italy,ITA,Molise,,,572,46,10,8,27,7,21
ITA_PCDM,24-03-2020,Italy,ITA,Piemonte,,,15469,3111,17,374,2404,360,2360
ITA_PCDM,24-03-2020,Italy,ITA,Puglia,,,7345,688,21,44,317,57,566
ITA_PCDM,24-03-2020,Italy,ITA,Sardegna,,,2859,341,11,15,80,19,296
ITA_PCDM,24-03-2020,Italy,ITA,Sicilia,,,7170,596,27,20,250,60,489
ITA_PCDM,24-03-2020,Italy,ITA,Toscana,,,15701,1781,51,129,918,244,1357
ITA_PCDM,24-03-2020,Italy,ITA,Trento,,,3712,802,79,56,308,49,618
ITA_PCDM,24-03-2020,Italy,ITA,Umbria,,,4108,543,5,19,105,43,476
ITA_PCDM,24-03-2020,Italy,ITA,Valle d'Aosta,,,1180,329,2,19,71,20,288
ITA_PCDM,24-03-2020,Italy,ITA,Veneto,,,66178,4630,381,216,1318,304,3729
ITA_PCDM,24-03-2020,Italy,ITA,Marche,,,7229,1874,8,231,862,149,1486
ITA_PCDM,24-03-2020,Italy,ITA,Lombardia,,,76695,20992,6657,4178,9711,1194,8963
ITA_PCDM,24-03-2020,Italy,ITA,Emilia Romagna,,,33527,6280,558,985,2974,291,4446
ITA_PCDM,25-03-2020,Italy,ITA,Friuli V.G.,,,9494,939,158,70,200,52,659
ITA_PCDM,25-03-2020,Italy,ITA,Molise,,,580,47,12,8,26,7,20
ITA_PCDM,25-03-2020,Italy,ITA,Emilia Romagna,,,38045,6874,721,1077,3180,294,4782
ITA_PCDM,25-03-2020,Italy,ITA,Campania,,,6972,881,53,74,318,123,631
ITA_PCDM,25-03-2020,Italy,ITA,Calabria,,,5058,258,7,11,93,23,217
ITA_PCDM,25-03-2020,Italy,ITA,Bolzano,,,6649,668,67,43,190,40,518
ITA_PCDM,25-03-2020,Italy,ITA,Basilicata,,,857,93,,1,20,14,78
ITA_PCDM,25-03-2020,Italy,ITA,Abruzzo,,,4982,565,23,52,248,59,431
ITA_PCDM,25-03-2020,Italy,ITA,Piemonte,,,16655,3480,19,449,2544,381,2631
ITA_PCDM,25-03-2020,Italy,ITA,Sardegna,,,3019,360,12,18,82,19,311
ITA_PCDM,25-03-2020,Italy,ITA,Sicilia,,,8312,735,33,25,259,80,597
ITA_PCDM,25-03-2020,Italy,ITA,Toscana,,,17868,1973,54,142,999,251,1526
ITA_PCDM,25-03-2020,Italy,ITA,Lombardia,,,81666,22320,7281,4474,10026,1236,9329
ITA_PCDM,25-03-2020,Italy,ITA,Puglia,,,8223,744,22,48,349,64,610
ITA_PCDM,25-03-2020,Italy,ITA,Marche,,,7896,1996,8,287,938,148,1553
ITA_PCDM,25-03-2020,Italy,ITA,Umbria,,,4707,587,5,19,123,44,519
ITA_PCDM,25-03-2020,Italy,ITA,Liguria,,,6602,1378,225,254,927,147,752
ITA_PCDM,25-03-2020,Italy,ITA,Lazio,,,20669,1096,131,95,805,101,769
ITA_PCDM,25-03-2020,Italy,ITA,Veneto,,,70877,5035,439,258,1407,316,4022
ITA_PCDM,25-03-2020,Italy,ITA,Valle d'Aosta,,,1200,331,2,24,70,25,280
ITA_PCDM,25-03-2020,Italy,ITA,Trento,,,4114,914,90,74,308,65,685
ITA_PCDM,26-03-2020,Italy,ITA,Bolzano,,,7744,683,67,48,223,43,525
ITA_PCDM,26-03-2020,Italy,ITA,Calabria,,,5933,292,7,14,101,23,248
ITA_PCDM,26-03-2020,Italy,ITA,Toscana,,,20952,2189,95,158,1037,259,1677
ITA_PCDM,26-03-2020,Italy,ITA,Valle d'Aosta,,,1203,335,2,28,73,24,281
ITA_PCDM,26-03-2020,Italy,ITA,Veneto,,,79759,5488,508,287,1447,326,4367
ITA_PCDM,26-03-2020,Italy,ITA,Puglia,,,9191,702,22,65,480,76,539
ITA_PCDM,26-03-2020,Italy,ITA,Sardegna,,,3461,402,13,19,92,20,350
ITA_PCDM,26-03-2020,Italy,ITA,Sicilia,,,9658,818,36,33,346,68,681
ITA_PCDM,26-03-2020,Italy,ITA,Trento,,,4600,997,117,86,300,66,728
ITA_PCDM,26-03-2020,Italy,ITA,Piemonte,,,18054,3901,135,449,2633,408,2909
ITA_PCDM,26-03-2020,Italy,ITA,Umbria,,,5428,658,12,20,144,46,580
ITA_PCDM,26-03-2020,Italy,ITA,Molise,,,670,76,14,8,27,8,46
ITA_PCDM,26-03-2020,Italy,ITA,Marche,,,8623,2137,9,310,977,166,1652
ITA_PCDM,26-03-2020,Italy,ITA,Lombardia,,,87713,24208,7839,4861,10681,1263,10245
ITA_PCDM,26-03-2020,Italy,ITA,Liguria,,,7304,1569,260,280,998,154,875
ITA_PCDM,26-03-2020,Italy,ITA,Lazio,,,22771,1218,155,106,878,113,844
ITA_PCDM,26-03-2020,Italy,ITA,Friuli V.G.,,,10721,1011,197,72,212,54,688
ITA_PCDM,26-03-2020,Italy,ITA,Emilia Romagna,,,42395,7462,792,1174,3354,301,5195
ITA_PCDM,26-03-2020,Italy,ITA,Campania,,,8346,862,58,83,448,114,607
ITA_PCDM,26-03-2020,Italy,ITA,Basilicata,,,1046,112,,1,22,16,95
ITA_PCDM,26-03-2020,Italy,ITA,Abruzzo,,,5488,666,23,63,280,64,516
ITA_PCDM,27-03-2020,Italy,ITA,Umbria,,,6137,735,39,21,149,46,629
ITA_PCDM,27-03-2020,Italy,ITA,Abruzzo,,,6109,728,24,68,289,71,565
ITA_PCDM,27-03-2020,Italy,ITA,Basilicata,,,1254,129,1,3,22,15,110
ITA_PCDM,27-03-2020,Italy,ITA,Bolzano,,,8520,754,110,60,249,45,539
ITA_PCDM,27-03-2020,Italy,ITA,Calabria,,,6901,391,7,18,103,22,344
ITA_PCDM,27-03-2020,Italy,ITA,Campania,,,9613,998,64,98,456,113,723
ITA_PCDM,27-03-2020,Italy,ITA,Emilia Romagna,,,47798,8127,960,1267,3461,308,5592
ITA_PCDM,27-03-2020,Italy,ITA,Friuli V.G.,,,11841,1095,214,76,222,57,748
ITA_PCDM,27-03-2020,Italy,ITA,Lazio,,,24106,1303,164,118,992,126,895
ITA_PCDM,27-03-2020,Italy,ITA,Liguria,,,7804,1673,305,331,1023,157,880
ITA_PCDM,27-03-2020,Italy,ITA,Lombardia,,,95860,26161,8001,5402,11137,1292,11466
ITA_PCDM,27-03-2020,Italy,ITA,Marche,,,9060,2217,10,336,979,162,1709
ITA_PCDM,27-03-2020,Italy,ITA,Molise,,,710,83,14,9,26,9,51
ITA_PCDM,27-03-2020,Italy,ITA,Piemonte,,,19705,4240,176,569,2852,431,3064
ITA_PCDM,27-03-2020,Italy,ITA,Puglia,,,10233,804,29,69,530,82,624
ITA_PCDM,27-03-2020,Italy,ITA,Sardegna,,,3801,437,13,21,93,19,384
ITA_PCDM,27-03-2020,Italy,ITA,Sicilia,,,11079,825,53,39,425,75,658
ITA_PCDM,27-03-2020,Italy,ITA,Toscana,,,23746,2397,103,177,1053,274,1843
ITA_PCDM,27-03-2020,Italy,ITA,Trento,,,4923,1050,125,102,341,66,757
ITA_PCDM,27-03-2020,Italy,ITA,Veneto,,,83627,5961,536,313,1536,338,4774
ITA_PCDM,27-03-2020,Italy,ITA,Valle d'Aosta,,,1252,361,2,37,91,24,298
ITA_PCDM,28-03-2020,Italy,ITA,Marche,,,9884,2386,10,364,987,166,1846
ITA_PCDM,28-03-2020,Italy,ITA,Abruzzo,,,7003,822,30,76,311,70,646
ITA_PCDM,28-03-2020,Italy,ITA,Veneto,,,89380,6371,655,362,1559,344,5010
ITA_PCDM,28-03-2020,Italy,ITA,Valle d'Aosta,,,1380,421,2,41,90,26,352
ITA_PCDM,28-03-2020,Italy,ITA,Umbria,,,7028,810,43,28,159,44,695
ITA_PCDM,28-03-2020,Italy,ITA,Trento,,,5561,1154,151,120,351,72,811
ITA_PCDM,28-03-2020,Italy,ITA,Toscana,,,25613,2724,108,198,1093,277,2141
ITA_PCDM,28-03-2020,Italy,ITA,Sicilia,,,13096,918,60,57,441,71,730
ITA_PCDM,28-03-2020,Italy,ITA,Sardegna,,,4225,529,29,26,95,22,452
ITA_PCDM,28-03-2020,Italy,ITA,Puglia,,,11500,895,29,71,563,98,697
ITA_PCDM,28-03-2020,Italy,ITA,Piemonte,,,21511,4577,203,617,3094,439,3318
ITA_PCDM,28-03-2020,Italy,ITA,Molise,,,807,97,16,9,26,9,63
ITA_PCDM,28-03-2020,Italy,ITA,Lombardia,,,102503,28263,8962,5944,11152,1319,12038
ITA_PCDM,28-03-2020,Italy,ITA,Liguria,,,8177,1791,378,358,1031,167,888
ITA_PCDM,28-03-2020,Italy,ITA,Lazio,,,27179,1520,200,124,985,133,1063
ITA_PCDM,28-03-2020,Italy,ITA,Friuli V.G.,,,12723,1213,229,87,223,59,838
ITA_PCDM,28-03-2020,Italy,ITA,Emilia Romagna,,,52991,8688,1075,1344,3695,316,5953
ITA_PCDM,28-03-2020,Italy,ITA,Campania,,,10616,1129,76,109,463,132,812
ITA_PCDM,28-03-2020,Italy,ITA,Calabria,,,7760,448,11,21,107,22,394
ITA_PCDM,28-03-2020,Italy,ITA,Bolzano,,,9168,884,116,64,225,51,653
ITA_PCDM,28-03-2020,Italy,ITA,Basilicata,,,1421,156,1,3,26,19,133
ITA_PCDM,29-03-2020,Italy,ITA,Sardegna,,,4598,533,29,27,105,23,454
ITA_PCDM,29-03-2020,Italy,ITA,Toscana,,,27579,3011,121,215,1111,275,2400
ITA_PCDM,29-03-2020,Italy,ITA,Trento,,,5950,1238,172,129,356,75,862
ITA_PCDM,29-03-2020,Italy,ITA,Umbria,,,7685,857,95,31,166,46,685
ITA_PCDM,29-03-2020,Italy,ITA,Valle d'Aosta,,,1480,494,2,43,90,26,423
ITA_PCDM,29-03-2020,Italy,ITA,Emilia Romagna,,,52991,9350,1141,1443,3769,333,6433
ITA_PCDM,29-03-2020,Italy,ITA,Veneto,,,94784,6772,715,392,1586,355,5310
ITA_PCDM,29-03-2020,Italy,ITA,Puglia,,,12361,990,31,86,559,99,774
ITA_PCDM,29-03-2020,Italy,ITA,Piemonte,,,24058,5221,254,684,2985,443,3840
ITA_PCDM,29-03-2020,Italy,ITA,Molise,,,918,102,18,9,25,9,66
ITA_PCDM,29-03-2020,Italy,ITA,Marche,,,10431,2558,12,386,1000,168,1992
ITA_PCDM,29-03-2020,Italy,ITA,Lombardia,,,107398,29394,9255,6360,11613,1328,12451
ITA_PCDM,29-03-2020,Italy,ITA,Liguria,,,9100,1999,420,377,1077,166,1036
ITA_PCDM,29-03-2020,Italy,ITA,Lazio,,,27744,1644,208,136,1062,133,1167
ITA_PCDM,29-03-2020,Italy,ITA,Friuli V.G.,,,13397,1244,241,98,236,60,845
ITA_PCDM,29-03-2020,Italy,ITA,Campania,,,11805,1283,86,117,476,135,945
ITA_PCDM,29-03-2020,Italy,ITA,Calabria,,,8485,490,12,25,124,19,434
ITA_PCDM,29-03-2020,Italy,ITA,Bolzano,,,10137,980,116,64,234,56,744
ITA_PCDM,29-03-2020,Italy,ITA,Basilicata,,,1585,170,1,4,32,18,147
ITA_PCDM,29-03-2020,Italy,ITA,Abruzzo,,,7730,964,36,88,329,68,772
ITA_PCDM,29-03-2020,Italy,ITA,Sicilia,,,13814,1009,65,65,451,71,808
ITA_PCDM,30-03-2020,Italy,ITA,Trento,,,6377,1329,178,147,353,78,926
ITA_PCDM,30-03-2020,Italy,ITA,Abruzzo,,,7948,1023,74,102,322,69,778
ITA_PCDM,30-03-2020,Italy,ITA,Basilicata,,,1833,178,1,5,36,18,154
ITA_PCDM,30-03-2020,Italy,ITA,Bolzano,,,10640,1094,153,74,231,62,805
ITA_PCDM,30-03-2020,Italy,ITA,Calabria,,,9013,517,14,31,130,18,454
ITA_PCDM,30-03-2020,Italy,ITA,Campania,,,12969,1484,88,125,468,126,1145
ITA_PCDM,30-03-2020,Italy,ITA,Emilia Romagna,,,50990,9752,1227,1538,3779,351,6636
ITA_PCDM,30-03-2020,Italy,ITA,Friuli V.G.,,,14003,1272,285,107,229,60,820
ITA_PCDM,30-03-2020,Italy,ITA,Lazio,,,32846,1835,267,150,1079,154,1264
ITA_PCDM,30-03-2020,Italy,ITA,Liguria,,,9677,2075,437,397,1142,175,1066
ITA_PCDM,30-03-2020,Italy,ITA,Lombardia,,,111057,30346,10337,6818,11815,1330,11861
ITA_PCDM,30-03-2020,Italy,ITA,Marche,,,10979,2686,16,417,998,167,2086
ITA_PCDM,30-03-2020,Italy,ITA,Molise,,,955,107,18,9,27,8,72
ITA_PCDM,30-03-2020,Italy,ITA,Puglia,,,13117,1122,36,91,590,106,889
ITA_PCDM,30-03-2020,Italy,ITA,Sardegna,,,4993,569,32,28,113,24,485
ITA_PCDM,30-03-2020,Italy,ITA,Sicilia,,,14758,1071,71,76,484,75,849
ITA_PCDM,30-03-2020,Italy,ITA,Toscana,,,30099,3296,131,231,1116,279,2655
ITA_PCDM,30-03-2020,Italy,ITA,Umbria,,,8150,878,184,33,173,47,614
ITA_PCDM,30-03-2020,Italy,ITA,Valle d'Aosta,,,1536,492,16,50,92,26,400
ITA_PCDM,30-03-2020,Italy,ITA,Veneto,,,99941,7091,747,413,1633,356,5575
ITA_PCDM,30-03-2020,Italy,ITA,Piemonte,,,25478,5727,308,749,2985,452,4218
ITA_PCDM,31-03-2020,Italy,ITA,Veneto,,,106238,7475,828,477,1680,356,5814
ITA_PCDM,31-03-2020,Italy,ITA,Toscana,,,33165,3488,138,244,1120,293,2813
ITA_PCDM,31-03-2020,Italy,ITA,Abruzzo,,,8758,1066,95,115,335,73,783
ITA_PCDM,31-03-2020,Italy,ITA,Calabria,,,9327,527,17,36,132,17,457
ITA_PCDM,31-03-2020,Italy,ITA,Campania,,,14403,1591,88,133,501,133,1237
ITA_PCDM,31-03-2020,Italy,ITA,Emilia Romagna,,,54532,10309,1477,1644,3765,353,6835
ITA_PCDM,31-03-2020,Italy,ITA,Friuli V.G.,,,14899,1378,320,113,215,60,885
ITA_PCDM,31-03-2020,Italy,ITA,Lazio,,,34677,1968,291,162,1127,173,1342
ITA_PCDM,31-03-2020,Italy,ITA,Liguria,,,10376,2263,480,428,1153,179,1176
ITA_PCDM,31-03-2020,Italy,ITA,Lombardia,,,114640,31325,10885,7199,11883,1324,11917
ITA_PCDM,31-03-2020,Italy,ITA,Marche,,,11724,2879,21,452,946,169,2237
ITA_PCDM,31-03-2020,Italy,ITA,Molise,,,1049,115,18,9,29,8,80
ITA_PCDM,31-03-2020,Italy,ITA,Piemonte,,,27658,6127,365,854,3174,452,4456
ITA_PCDM,31-03-2020,Italy,ITA,Puglia,,,14073,1194,39,110,609,105,940
ITA_PCDM,31-03-2020,Italy,ITA,Sardegna,,,5257,609,34,31,113,28,516
ITA_PCDM,31-03-2020,Italy,ITA,Sicilia,,,15634,1144,74,81,503,72,917
ITA_PCDM,31-03-2020,Italy,ITA,Trento,,,6973,1392,193,164,354,80,955
ITA_PCDM,31-03-2020,Italy,ITA,Umbria,,,8685,902,190,37,176,43,632
ITA_PCDM,31-03-2020,Italy,ITA,Bolzano,,,11275,1122,153,76,249,62,831
ITA_PCDM,31-03-2020,Italy,ITA,Basilicata,,,2043,189,3,7,37,17,162
ITA_PCDM,31-03-2020,Italy,ITA,Valle d'Aosta,,,1582,537,20,56,91,26,435
ITA_PCDM,01-04-2020,Italy,ITA,Friuli V.G.,,,15987,1479,357,122,206,60,940
ITA_PCDM,01-04-2020,Italy,ITA,Toscana,,,36575,3747,182,253,1120,297,3015
ITA_PCDM,01-04-2020,Italy,ITA,Sicilia,,,16836,1222,86,88,496,72,976
ITA_PCDM,01-04-2020,Italy,ITA,Sardegna,,,5501,626,36,34,119,27,529
ITA_PCDM,01-04-2020,Italy,ITA,Puglia,,,15209,1309,61,129,637,107,1012
ITA_PCDM,01-04-2020,Italy,ITA,Piemonte,,,30060,6649,439,886,3146,453,4871
ITA_PCDM,01-04-2020,Italy,ITA,Molise,,,1157,128,19,10,32,8,91
ITA_PCDM,01-04-2020,Italy,ITA,Marche,,,12296,2978,29,477,984,168,2304
ITA_PCDM,01-04-2020,Italy,ITA,Lombardia,,,121449,32846,11415,7593,11927,1342,12496
ITA_PCDM,01-04-2020,Italy,ITA,Liguria,,,11334,2546,555,460,1114,179,1352
ITA_PCDM,01-04-2020,Italy,ITA,Lazio,,,35810,2133,337,169,1131,177,1450
ITA_PCDM,01-04-2020,Italy,ITA,Umbria,,,9080,922,194,37,173,45,646
ITA_PCDM,01-04-2020,Italy,ITA,Emilia Romagna,,,58457,10889,1566,1732,3898,359,7232
ITA_PCDM,01-04-2020,Italy,ITA,Campania,,,15728,1753,107,148,478,129,1369
ITA_PCDM,01-04-2020,Italy,ITA,Calabria,,,9983,525,21,38,144,16,450
ITA_PCDM,01-04-2020,Italy,ITA,Bolzano,,,11951,1149,190,116,269,57,786
ITA_PCDM,01-04-2020,Italy,ITA,Basilicata,,,2262,198,3,9,39,15,171
ITA_PCDM,01-04-2020,Italy,ITA,Abruzzo,,,9610,1094,102,123,342,71,798
ITA_PCDM,01-04-2020,Italy,ITA,Trento,,,7675,1525,214,173,345,76,1062
ITA_PCDM,01-04-2020,Italy,ITA,Valle d'Aosta,,,1717,546,32,59,85,27,428
ITA_PCDM,01-04-2020,Italy,ITA,Veneto,,,112746,7907,902,499,1718,350,6156
ITA_PCDM,02-04-2020,Italy,ITA,Emilia Romagna,,,60507,11389,1663,1811,3944,366,7549
ITA_PCDM,02-04-2020,Italy,ITA,Sardegna,,,5970,677,36,40,117,24,577
ITA_PCDM,02-04-2020,Italy,ITA,Puglia,,,16554,1432,69,144,645,118,1101
ITA_PCDM,02-04-2020,Italy,ITA,Piemonte,,,32100,7012,571,983,3341,453,5005
ITA_PCDM,02-04-2020,Italy,ITA,Molise,,,1229,135,21,11,30,8,95
ITA_PCDM,02-04-2020,Italy,ITA,Marche,,,12943,3112,40,503,986,164,2405
ITA_PCDM,02-04-2020,Italy,ITA,Lombardia,,,128286,34303,12229,7960,11762,1351,12763
ITA_PCDM,02-04-2020,Italy,ITA,Liguria,,,12069,2662,634,488,1120,172,1368
ITA_PCDM,02-04-2020,Italy,ITA,Lazio,,,41575,2264,369,185,1169,181,1529
ITA_PCDM,02-04-2020,Italy,ITA,Friuli V.G.,,,17121,1600,376,129,199,60,1035
ITA_PCDM,02-04-2020,Italy,ITA,Campania,,,17404,1953,149,167,503,120,1517
ITA_PCDM,02-04-2020,Italy,ITA,Calabria,,,10679,528,23,41,163,19,445
ITA_PCDM,02-04-2020,Italy,ITA,Bolzano,,,12677,1200,190,129,279,60,821
ITA_PCDM,02-04-2020,Italy,ITA,Basilicata,,,2427,208,3,10,38,19,176
ITA_PCDM,02-04-2020,Italy,ITA,Abruzzo,,,10647,1156,113,133,341,75,835
ITA_PCDM,02-04-2020,Italy,ITA,Toscana,,,40724,4138,216,268,1135,295,3359
ITA_PCDM,02-04-2020,Italy,ITA,Veneto,,,120320,8441,1001,532,1670,345,6563
ITA_PCDM,02-04-2020,Italy,ITA,Valle d'Aosta,,,1934,583,49,63,85,25,446
ITA_PCDM,02-04-2020,Italy,ITA,Umbria,,,9737,957,205,38,171,47,667
ITA_PCDM,02-04-2020,Italy,ITA,Trento,,,8496,1664,229,187,339,78,1170
ITA_PCDM,02-04-2020,Italy,ITA,Sicilia,,,17833,1288,92,93,503,73,1030
ITA_PCDM,03-04-2020,Italy,ITA,Veneto,,,126490,8750,1031,572,1714,335,6812
ITA_PCDM,03-04-2020,Italy,ITA,Abruzzo,,,11890,1202,116,146,361,76,864
ITA_PCDM,03-04-2020,Italy,ITA,Basilicata,,,2622,220,3,11,41,19,187
ITA_PCDM,03-04-2020,Italy,ITA,Bolzano,,,13976,1268,211,139,291,60,858
ITA_PCDM,03-04-2020,Italy,ITA,Calabria,,,11608,550,26,45,183,17,462
ITA_PCDM,03-04-2020,Italy,ITA,Campania,,,19237,2145,144,181,532,115,1705
ITA_PCDM,03-04-2020,Italy,ITA,Emilia Romagna,,,63682,12017,1852,1902,3915,364,7899
ITA_PCDM,03-04-2020,Italy,ITA,Friuli V.G.,,,19985,1678,419,136,201,61,1062
ITA_PCDM,03-04-2020,Italy,ITA,Lazio,,,43776,2406,392,199,1194,188,1627
ITA_PCDM,03-04-2020,Italy,ITA,Liguria,,,12934,2818,700,519,1147,173,1426
ITA_PCDM,03-04-2020,Italy,ITA,Toscana,,,44460,4350,300,290,1149,288,3472
ITA_PCDM,03-04-2020,Italy,ITA,Lombardia,,,135051,35718,13020,8311,11802,1381,13006
ITA_PCDM,03-04-2020,Italy,ITA,Marche,,,13678,3248,42,557,982,158,2491
ITA_PCDM,03-04-2020,Italy,ITA,Molise,,,1378,145,21,11,31,8,105
ITA_PCDM,03-04-2020,Italy,ITA,Piemonte,,,34281,7596,723,1043,3300,452,5378
ITA_PCDM,03-04-2020,Italy,ITA,Puglia,,,17924,1534,69,164,648,123,1178
ITA_PCDM,03-04-2020,Italy,ITA,Sardegna,,,6478,703,40,41,122,24,598
ITA_PCDM,03-04-2020,Italy,ITA,Sicilia,,,18686,1324,94,101,535,73,1056
ITA_PCDM,03-04-2020,Italy,ITA,Trento,,,8993,1766,246,204,343,80,1236
ITA_PCDM,03-04-2020,Italy,ITA,Umbria,,,10614,1014,220,39,165,48,707
ITA_PCDM,03-04-2020,Italy,ITA,Valle d'Aosta,,,2106,634,89,70,85,25,450
ITA_PCDM,04-04-2020,Italy,ITA,Bolzano,,,15045,1301,245,146,291,61,849
ITA_PCDM,04-04-2020,Italy,ITA,Abruzzo,,,12837,1274,119,153,354,71,931
ITA_PCDM,04-04-2020,Italy,ITA,Basilicata,,,2765,220,9,11,44,19,181
ITA_PCDM,04-04-2020,Italy,ITA,Calabria,,,12314,563,30,49,178,15,469
ITA_PCDM,04-04-2020,Italy,ITA,Campania,,,21534,2261,146,186,567,114,1815
ITA_PCDM,04-04-2020,Italy,ITA,Friuli V.G.,,,21126,1803,505,145,183,50,1103
ITA_PCDM,04-04-2020,Italy,ITA,Lazio,,,44624,2521,439,212,1236,193,1677
ITA_PCDM,04-04-2020,Italy,ITA,Liguria,,,14087,3082,767,542,1121,169,1604
ITA_PCDM,04-04-2020,Italy,ITA,Lombardia,,,141877,37116,13242,8656,12002,1326,13892
ITA_PCDM,04-04-2020,Italy,ITA,Marche,,,14472,3344,270,574,997,153,2347
ITA_PCDM,04-04-2020,Italy,ITA,Molise,,,1504,175,24,11,31,6,134
ITA_PCDM,04-04-2020,Italy,ITA,Piemonte,,,37181,8268,888,1128,3441,450,5802
ITA_PCDM,04-04-2020,Italy,ITA,Puglia,,,18977,1613,94,173,627,153,1193
ITA_PCDM,04-04-2020,Italy,ITA,Sardegna,,,6789,751,44,41,123,24,642
ITA_PCDM,04-04-2020,Italy,ITA,Sicilia,,,19896,1379,95,111,553,74,1099
ITA_PCDM,04-04-2020,Italy,ITA,Toscana,,,47886,4542,310,307,1129,286,3639
ITA_PCDM,04-04-2020,Italy,ITA,Trento,,,9863,1867,257,210,353,81,1319
ITA_PCDM,04-04-2020,Italy,ITA,Umbria,,,11809,1043,242,41,167,44,716
ITA_PCDM,04-04-2020,Italy,ITA,Valle d'Aosta,,,2274,685,106,82,63,23,474
ITA_PCDM,04-04-2020,Italy,ITA,Veneto,,,133289,9133,1124,607,1691,324,7078
ITA_PCDM,04-04-2020,Italy,ITA,Emilia Romagna,,,67075,12681,2040,1977,3859,358,8306
ITA_PCDM,05-04-2020,Italy,ITA,Basilicata,,,2931,232,11,13,46,18,190
ITA_PCDM,05-04-2020,Italy,ITA,Bolzano,,,15723,1405,260,158,239,53,934
ITA_PCDM,05-04-2020,Italy,ITA,Calabria,,,13077,621,33,56,174,13,519
ITA_PCDM,05-04-2020,Italy,ITA,Campania,,,23139,2351,150,189,609,108,1904
ITA_PCDM,05-04-2020,Italy,ITA,Friuli V.G.,,,21652,1863,531,154,185,50,1128
ITA_PCDM,05-04-2020,Italy,ITA,Lazio,,,44658,2645,475,219,1235,197,1754
ITA_PCDM,05-04-2020,Italy,ITA,Liguria,,,15047,3323,800,556,1126,165,1802
ITA_PCDM,05-04-2020,Italy,ITA,Lombardia,,,149984,38446,13426,8905,12009,1317,14798
ITA_PCDM,05-04-2020,Italy,ITA,Marche,,,15252,3477,287,599,987,151,2440
ITA_PCDM,05-04-2020,Italy,ITA,Molise,,,1504,191,24,13,33,6,148
ITA_PCDM,05-04-2020,Italy,ITA,Piemonte,,,38539,8890,1017,1168,3472,444,6261
ITA_PCDM,05-04-2020,Italy,ITA,Puglia,,,20080,1743,113,182,574,159,1289
ITA_PCDM,05-04-2020,Italy,ITA,Sardegna,,,7157,781,49,43,126,25,664
ITA_PCDM,05-04-2020,Italy,ITA,Sicilia,,,21904,1438,104,116,556,76,1142
ITA_PCDM,05-04-2020,Italy,ITA,Toscana,,,51006,4736,337,325,1111,276,3798
ITA_PCDM,05-04-2020,Italy,ITA,Trento,,,10476,1933,273,217,352,80,1363
ITA_PCDM,05-04-2020,Italy,ITA,Valle d'Aosta,,,2390,686,115,91,96,23,457
ITA_PCDM,05-04-2020,Italy,ITA,Abruzzo,,,13598,1356,125,158,347,67,1006
ITA_PCDM,05-04-2020,Italy,ITA,Veneto,,,140910,9552,1186,631,1674,329,7406
ITA_PCDM,05-04-2020,Italy,ITA,Emilia Romagna,,,69986,13250,2201,2051,3839,375,8623
ITA_PCDM,05-04-2020,Italy,ITA,Umbria,,,12448,1080,298,43,159,45,694
ITA_PCDM,06-04-2020,Italy,ITA,Trento,,,11130,1994,280,230,354,79,1405
ITA_PCDM,06-04-2020,Italy,ITA,Abruzzo,,,14198,1381,127,169,340,66,1019
ITA_PCDM,06-04-2020,Italy,ITA,Basilicata,,,3061,241,12,13,46,18,198
ITA_PCDM,06-04-2020,Italy,ITA,Bolzano,,,16825,1477,298,164,245,52,963
ITA_PCDM,06-04-2020,Italy,ITA,Calabria,,,13633,647,37,58,170,14,538
ITA_PCDM,06-04-2020,Italy,ITA,Campania,,,24526,2448,156,204,610,101,1987
ITA_PCDM,06-04-2020,Italy,ITA,Emilia Romagna,,,72163,13752,2397,2108,3804,372,8875
ITA_PCDM,06-04-2020,Italy,ITA,Friuli V.G.,,,22272,1914,549,158,189,46,1161
ITA_PCDM,06-04-2020,Italy,ITA,Lazio,,,47470,2796,502,229,1235,197,1868
ITA_PCDM,06-04-2020,Italy,ITA,Liguria,,,15533,3408,837,595,1141,162,1814
ITA_PCDM,06-04-2020,Italy,ITA,Lombardia,,,154989,39620,13863,9202,11914,1343,15212
ITA_PCDM,06-04-2020,Italy,ITA,Marche,,,15919,3613,296,612,1001,140,2565
ITA_PCDM,06-04-2020,Italy,ITA,Molise,,,1546,190,24,13,34,5,148
ITA_PCDM,06-04-2020,Italy,ITA,Piemonte,,,41123,9440,1128,1251,3484,438,6623
ITA_PCDM,06-04-2020,Italy,ITA,Puglia,,,22059,1819,134,195,625,97,1393
ITA_PCDM,06-04-2020,Italy,ITA,Sardegna,,,7521,799,56,47,123,26,670
ITA_PCDM,06-04-2020,Italy,ITA,Sicilia,,,23464,1483,108,123,563,74,1178
ITA_PCDM,06-04-2020,Italy,ITA,Toscana,,,52849,4885,350,350,1116,279,3906
ITA_PCDM,06-04-2020,Italy,ITA,Umbria,,,12573,1094,337,44,159,46,667
ITA_PCDM,06-04-2020,Italy,ITA,Veneto,,,146288,9874,1204,662,1714,322,7686
ITA_PCDM,06-04-2020,Italy,ITA,Valle d'Aosta,,,2590,696,142,96,109,21,437
ITA_PCDM,07-04-2020,Italy,ITA,Basilicata,,,3160,244,12,14,47,17,201
ITA_PCDM,07-04-2020,Italy,ITA,Bolzano,,,17761,1486,336,174,325,64,912
ITA_PCDM,07-04-2020,Italy,ITA,Calabria,,,14072,664,40,60,169,14,550
ITA_PCDM,07-04-2020,Italy,ITA,Emilia Romagna,,,75191,14075,2597,2180,3750,366,8932
ITA_PCDM,07-04-2020,Italy,ITA,Friuli V.G.,,,23536,1968,610,164,185,44,1150
ITA_PCDM,07-04-2020,Italy,ITA,Lazio,,,48874,2920,546,238,1229,192,1944
ITA_PCDM,07-04-2020,Italy,ITA,Liguria,,,16579,3667,925,620,1090,156,1966
ITA_PCDM,07-04-2020,Italy,ITA,Lombardia,,,159331,40492,14498,9484,11833,1305,15205
ITA_PCDM,07-04-2020,Italy,ITA,Marche,,,16619,3748,342,630,962,139,2637
ITA_PCDM,07-04-2020,Italy,ITA,Molise,,,1581,189,26,13,35,5,145
ITA_PCDM,07-04-2020,Italy,ITA,Piemonte,,,44121,9790,1320,1319,3553,432,6719
ITA_PCDM,07-04-2020,Italy,ITA,Puglia,,,23149,1899,168,209,615,93,1429
ITA_PCDM,07-04-2020,Italy,ITA,Sardegna,,,7680,813,62,52,122,26,673
ITA_PCDM,07-04-2020,Italy,ITA,Sicilia,,,24857,1535,113,125,562,73,1224
ITA_PCDM,07-04-2020,Italy,ITA,Toscana,,,56651,5086,377,369,1087,263,4077
ITA_PCDM,07-04-2020,Italy,ITA,Trento,,,12030,2116,342,244,360,78,1452
ITA_PCDM,07-04-2020,Italy,ITA,Umbria,,,13274,1106,368,49,157,41,648
ITA_PCDM,07-04-2020,Italy,ITA,Valle d'Aosta,,,2754,717,142,100,118,17,458
ITA_PCDM,07-04-2020,Italy,ITA,Veneto,,,153542,10346,1265,695,1579,297,8089
ITA_PCDM,07-04-2020,Italy,ITA,Campania,,,25779,2545,167,216,603,103,2059
ITA_PCDM,07-04-2020,Italy,ITA,Abruzzo,,,14904,1462,136,172,337,67,1087
